n.name,a.name,z.name
USK,wAVAX,USK
USK,AQUA,USK
KUJI,LUNA,KUJI
USK,LUNA,USK
axlUSDC,LUNA,axlUSDC
USK,wETH,USK
axlUSDC,wETH,axlUSDC
USK,STARS,USK
axlUSDC,STARS,axlUSDC
axlUSDC,gPAXG,axlUSDC
USK,gPAXG,USK
KUJI,ATOM,KUJI
OSMO,ATOM,OSMO
axlUSDC,ATOM,axlUSDC
USK,ATOM,USK
KUJI,axlUSDC,KUJI
SCRT,axlUSDC,SCRT
ATOM,axlUSDC,ATOM
CMDX,axlUSDC,CMDX
LUNA,axlUSDC,LUNA
LOOP,axlUSDC,LOOP
OSMO,axlUSDC,OSMO
wBNB,axlUSDC,wBNB
STARS,axlUSDC,STARS
wETH,axlUSDC,wETH
JUNO,axlUSDC,JUNO
EVMOS,axlUSDC,EVMOS
DOT,axlUSDC,DOT
gPAXG,axlUSDC,gPAXG
USK,axlUSDC,USK
USK,LOOP,USK
axlUSDC,LOOP,axlUSDC
ATOM,OSMO,ATOM
USK,OSMO,USK
axlUSDC,OSMO,axlUSDC
USK,wBNB,USK
axlUSDC,wBNB,axlUSDC
LP KUJI-ATOM,KUJI,LP KUJI-ATOM
axlUSDC,KUJI,axlUSDC
USK,KUJI,USK
LUNA,KUJI,LUNA
ATOM,KUJI,ATOM
USK,AXL,USK
axlUSDC,SCRT,axlUSDC
USK,SCRT,USK
USK,SHD,USK
USK,LOCAL,USK
axlUSDC,DOT,axlUSDC
USK,DOT,USK
axlUSDC,CMDX,axlUSDC
USK,ASTRO,USK
KUJI,LP KUJI-ATOM,KUJI
USK,JUNO,USK
axlUSDC,JUNO,axlUSDC
USK,FURY,USK
axlUSDC,EVMOS,axlUSDC
USK,ampLUNA,USK
USK,STRD,USK
FURY,USK,FURY
JUNO,USK,JUNO
KUJI,USK,KUJI
ASTRO,USK,ASTRO
SHD,USK,SHD
AXL,USK,AXL
wAVAX,USK,wAVAX
LUNA,USK,LUNA
wETH,USK,wETH
AQUA,USK,AQUA
DOT,USK,DOT
ATOM,USK,ATOM
STRD,USK,STRD
axlUSDC,USK,axlUSDC
ampLUNA,USK,ampLUNA
wBNB,USK,wBNB
STARS,USK,STARS
SCRT,USK,SCRT
LOOP,USK,LOOP
LOCAL,USK,LOCAL
OSMO,USK,OSMO
gPAXG,USK,gPAXG
USK,wAVAX,axlUSDC,USK
axlUSDC,LUNA,KUJI,axlUSDC
USK,LUNA,KUJI,USK
KUJI,LUNA,USK,KUJI
axlUSDC,LUNA,USK,axlUSDC
KUJI,LUNA,axlUSDC,KUJI
USK,LUNA,axlUSDC,USK
axlUSDC,wETH,USK,axlUSDC
USK,wETH,axlUSDC,USK
axlUSDC,STARS,USK,axlUSDC
USK,STARS,axlUSDC,USK
USK,gPAXG,axlUSDC,USK
axlUSDC,gPAXG,USK,axlUSDC
LP KUJI-ATOM,ATOM,KUJI,LP KUJI-ATOM
axlUSDC,ATOM,KUJI,axlUSDC
USK,ATOM,KUJI,USK
USK,ATOM,OSMO,USK
axlUSDC,ATOM,OSMO,axlUSDC
KUJI,ATOM,axlUSDC,KUJI
OSMO,ATOM,axlUSDC,OSMO
USK,ATOM,axlUSDC,USK
KUJI,ATOM,USK,KUJI
axlUSDC,ATOM,USK,axlUSDC
OSMO,ATOM,USK,OSMO
USK,axlUSDC,KUJI,USK
LUNA,axlUSDC,KUJI,LUNA
ATOM,axlUSDC,KUJI,ATOM
USK,axlUSDC,SCRT,USK
KUJI,axlUSDC,ATOM,KUJI
OSMO,axlUSDC,ATOM,OSMO
USK,axlUSDC,ATOM,USK
USK,axlUSDC,CMDX,USK
KUJI,axlUSDC,LUNA,KUJI
USK,axlUSDC,LUNA,USK
USK,axlUSDC,LOOP,USK
ATOM,axlUSDC,OSMO,ATOM
USK,axlUSDC,OSMO,USK
USK,axlUSDC,wBNB,USK
USK,axlUSDC,STARS,USK
USK,axlUSDC,wETH,USK
USK,axlUSDC,JUNO,USK
USK,axlUSDC,DOT,USK
USK,axlUSDC,gPAXG,USK
JUNO,axlUSDC,USK,JUNO
KUJI,axlUSDC,USK,KUJI
wAVAX,axlUSDC,USK,wAVAX
LUNA,axlUSDC,USK,LUNA
wETH,axlUSDC,USK,wETH
DOT,axlUSDC,USK,DOT
ATOM,axlUSDC,USK,ATOM
wBNB,axlUSDC,USK,wBNB
STARS,axlUSDC,USK,STARS
SCRT,axlUSDC,USK,SCRT
LOOP,axlUSDC,USK,LOOP
OSMO,axlUSDC,USK,OSMO
gPAXG,axlUSDC,USK,gPAXG
axlUSDC,LOOP,USK,axlUSDC
USK,LOOP,axlUSDC,USK
axlUSDC,OSMO,ATOM,axlUSDC
USK,OSMO,ATOM,USK
ATOM,OSMO,USK,ATOM
axlUSDC,OSMO,USK,axlUSDC
ATOM,OSMO,axlUSDC,ATOM
USK,OSMO,axlUSDC,USK
axlUSDC,wBNB,USK,axlUSDC
USK,wBNB,axlUSDC,USK
ATOM,KUJI,LP KUJI-ATOM,ATOM
ATOM,KUJI,axlUSDC,ATOM
LUNA,KUJI,axlUSDC,LUNA
USK,KUJI,axlUSDC,USK
LUNA,KUJI,USK,LUNA
ATOM,KUJI,USK,ATOM
axlUSDC,KUJI,USK,axlUSDC
USK,KUJI,LUNA,USK
axlUSDC,KUJI,LUNA,axlUSDC
axlUSDC,KUJI,ATOM,axlUSDC
USK,KUJI,ATOM,USK
USK,SCRT,axlUSDC,USK
axlUSDC,SCRT,USK,axlUSDC
USK,DOT,axlUSDC,USK
axlUSDC,DOT,USK,axlUSDC
axlUSDC,CMDX,USK,axlUSDC
KUJI,LP KUJI-ATOM,ATOM,KUJI
axlUSDC,JUNO,USK,axlUSDC
USK,JUNO,axlUSDC,USK
axlUSDC,USK,JUNO,axlUSDC
axlUSDC,USK,KUJI,axlUSDC
LUNA,USK,KUJI,LUNA
ATOM,USK,KUJI,ATOM
axlUSDC,USK,wAVAX,axlUSDC
KUJI,USK,LUNA,KUJI
axlUSDC,USK,LUNA,axlUSDC
axlUSDC,USK,wETH,axlUSDC
axlUSDC,USK,DOT,axlUSDC
KUJI,USK,ATOM,KUJI
OSMO,USK,ATOM,OSMO
axlUSDC,USK,ATOM,axlUSDC
KUJI,USK,axlUSDC,KUJI
SCRT,USK,axlUSDC,SCRT
ATOM,USK,axlUSDC,ATOM
CMDX,USK,axlUSDC,CMDX
LUNA,USK,axlUSDC,LUNA
LOOP,USK,axlUSDC,LOOP
OSMO,USK,axlUSDC,OSMO
wBNB,USK,axlUSDC,wBNB
STARS,USK,axlUSDC,STARS
wETH,USK,axlUSDC,wETH
JUNO,USK,axlUSDC,JUNO
DOT,USK,axlUSDC,DOT
gPAXG,USK,axlUSDC,gPAXG
axlUSDC,USK,wBNB,axlUSDC
axlUSDC,USK,STARS,axlUSDC
axlUSDC,USK,SCRT,axlUSDC
axlUSDC,USK,LOOP,axlUSDC
ATOM,USK,OSMO,ATOM
axlUSDC,USK,OSMO,axlUSDC
axlUSDC,USK,gPAXG,axlUSDC
USK,wAVAX,axlUSDC,KUJI,USK
USK,wAVAX,axlUSDC,SCRT,USK
USK,wAVAX,axlUSDC,ATOM,USK
USK,wAVAX,axlUSDC,CMDX,USK
USK,wAVAX,axlUSDC,LUNA,USK
USK,wAVAX,axlUSDC,LOOP,USK
USK,wAVAX,axlUSDC,OSMO,USK
USK,wAVAX,axlUSDC,wBNB,USK
USK,wAVAX,axlUSDC,STARS,USK
USK,wAVAX,axlUSDC,wETH,USK
USK,wAVAX,axlUSDC,JUNO,USK
USK,wAVAX,axlUSDC,DOT,USK
USK,wAVAX,axlUSDC,gPAXG,USK
USK,LUNA,KUJI,axlUSDC,USK
axlUSDC,LUNA,KUJI,USK,axlUSDC
axlUSDC,LUNA,KUJI,ATOM,axlUSDC
USK,LUNA,KUJI,ATOM,USK
axlUSDC,LUNA,USK,JUNO,axlUSDC
axlUSDC,LUNA,USK,KUJI,axlUSDC
axlUSDC,LUNA,USK,wAVAX,axlUSDC
axlUSDC,LUNA,USK,wETH,axlUSDC
axlUSDC,LUNA,USK,DOT,axlUSDC
axlUSDC,LUNA,USK,ATOM,axlUSDC
KUJI,LUNA,USK,ATOM,KUJI
KUJI,LUNA,USK,axlUSDC,KUJI
axlUSDC,LUNA,USK,wBNB,axlUSDC
axlUSDC,LUNA,USK,STARS,axlUSDC
axlUSDC,LUNA,USK,SCRT,axlUSDC
axlUSDC,LUNA,USK,LOOP,axlUSDC
axlUSDC,LUNA,USK,OSMO,axlUSDC
axlUSDC,LUNA,USK,gPAXG,axlUSDC
USK,LUNA,axlUSDC,KUJI,USK
USK,LUNA,axlUSDC,SCRT,USK
USK,LUNA,axlUSDC,ATOM,USK
KUJI,LUNA,axlUSDC,ATOM,KUJI
USK,LUNA,axlUSDC,CMDX,USK
USK,LUNA,axlUSDC,LOOP,USK
USK,LUNA,axlUSDC,OSMO,USK
USK,LUNA,axlUSDC,wBNB,USK
USK,LUNA,axlUSDC,STARS,USK
USK,LUNA,axlUSDC,wETH,USK
USK,LUNA,axlUSDC,JUNO,USK
USK,LUNA,axlUSDC,DOT,USK
USK,LUNA,axlUSDC,gPAXG,USK
KUJI,LUNA,axlUSDC,USK,KUJI
axlUSDC,wETH,USK,JUNO,axlUSDC
axlUSDC,wETH,USK,KUJI,axlUSDC
axlUSDC,wETH,USK,wAVAX,axlUSDC
axlUSDC,wETH,USK,LUNA,axlUSDC
axlUSDC,wETH,USK,DOT,axlUSDC
axlUSDC,wETH,USK,ATOM,axlUSDC
axlUSDC,wETH,USK,wBNB,axlUSDC
axlUSDC,wETH,USK,STARS,axlUSDC
axlUSDC,wETH,USK,SCRT,axlUSDC
axlUSDC,wETH,USK,LOOP,axlUSDC
axlUSDC,wETH,USK,OSMO,axlUSDC
axlUSDC,wETH,USK,gPAXG,axlUSDC
USK,wETH,axlUSDC,KUJI,USK
USK,wETH,axlUSDC,SCRT,USK
USK,wETH,axlUSDC,ATOM,USK
USK,wETH,axlUSDC,CMDX,USK
USK,wETH,axlUSDC,LUNA,USK
USK,wETH,axlUSDC,LOOP,USK
USK,wETH,axlUSDC,OSMO,USK
USK,wETH,axlUSDC,wBNB,USK
USK,wETH,axlUSDC,STARS,USK
USK,wETH,axlUSDC,JUNO,USK
USK,wETH,axlUSDC,DOT,USK
USK,wETH,axlUSDC,gPAXG,USK
axlUSDC,STARS,USK,JUNO,axlUSDC
axlUSDC,STARS,USK,KUJI,axlUSDC
axlUSDC,STARS,USK,wAVAX,axlUSDC
axlUSDC,STARS,USK,LUNA,axlUSDC
axlUSDC,STARS,USK,wETH,axlUSDC
axlUSDC,STARS,USK,DOT,axlUSDC
axlUSDC,STARS,USK,ATOM,axlUSDC
axlUSDC,STARS,USK,wBNB,axlUSDC
axlUSDC,STARS,USK,SCRT,axlUSDC
axlUSDC,STARS,USK,LOOP,axlUSDC
axlUSDC,STARS,USK,OSMO,axlUSDC
axlUSDC,STARS,USK,gPAXG,axlUSDC
USK,STARS,axlUSDC,KUJI,USK
USK,STARS,axlUSDC,SCRT,USK
USK,STARS,axlUSDC,ATOM,USK
USK,STARS,axlUSDC,CMDX,USK
USK,STARS,axlUSDC,LUNA,USK
USK,STARS,axlUSDC,LOOP,USK
USK,STARS,axlUSDC,OSMO,USK
USK,STARS,axlUSDC,wBNB,USK
USK,STARS,axlUSDC,wETH,USK
USK,STARS,axlUSDC,JUNO,USK
USK,STARS,axlUSDC,DOT,USK
USK,STARS,axlUSDC,gPAXG,USK
USK,gPAXG,axlUSDC,KUJI,USK
USK,gPAXG,axlUSDC,SCRT,USK
USK,gPAXG,axlUSDC,ATOM,USK
USK,gPAXG,axlUSDC,CMDX,USK
USK,gPAXG,axlUSDC,LUNA,USK
USK,gPAXG,axlUSDC,LOOP,USK
USK,gPAXG,axlUSDC,OSMO,USK
USK,gPAXG,axlUSDC,wBNB,USK
USK,gPAXG,axlUSDC,STARS,USK
USK,gPAXG,axlUSDC,wETH,USK
USK,gPAXG,axlUSDC,JUNO,USK
USK,gPAXG,axlUSDC,DOT,USK
axlUSDC,gPAXG,USK,JUNO,axlUSDC
axlUSDC,gPAXG,USK,KUJI,axlUSDC
axlUSDC,gPAXG,USK,wAVAX,axlUSDC
axlUSDC,gPAXG,USK,LUNA,axlUSDC
axlUSDC,gPAXG,USK,wETH,axlUSDC
axlUSDC,gPAXG,USK,DOT,axlUSDC
axlUSDC,gPAXG,USK,ATOM,axlUSDC
axlUSDC,gPAXG,USK,wBNB,axlUSDC
axlUSDC,gPAXG,USK,STARS,axlUSDC
axlUSDC,gPAXG,USK,SCRT,axlUSDC
axlUSDC,gPAXG,USK,LOOP,axlUSDC
axlUSDC,gPAXG,USK,OSMO,axlUSDC
OSMO,ATOM,KUJI,axlUSDC,OSMO
USK,ATOM,KUJI,axlUSDC,USK
axlUSDC,ATOM,KUJI,USK,axlUSDC
OSMO,ATOM,KUJI,USK,OSMO
axlUSDC,ATOM,KUJI,LUNA,axlUSDC
USK,ATOM,KUJI,LUNA,USK
axlUSDC,ATOM,OSMO,USK,axlUSDC
KUJI,ATOM,OSMO,USK,KUJI
USK,ATOM,OSMO,axlUSDC,USK
KUJI,ATOM,OSMO,axlUSDC,KUJI
USK,ATOM,axlUSDC,KUJI,USK
LP KUJI-ATOM,ATOM,axlUSDC,KUJI,LP KUJI-ATOM
USK,ATOM,axlUSDC,SCRT,USK
USK,ATOM,axlUSDC,CMDX,USK
USK,ATOM,axlUSDC,LUNA,USK
KUJI,ATOM,axlUSDC,LUNA,KUJI
USK,ATOM,axlUSDC,LOOP,USK
USK,ATOM,axlUSDC,OSMO,USK
USK,ATOM,axlUSDC,wBNB,USK
USK,ATOM,axlUSDC,STARS,USK
USK,ATOM,axlUSDC,wETH,USK
USK,ATOM,axlUSDC,JUNO,USK
USK,ATOM,axlUSDC,DOT,USK
USK,ATOM,axlUSDC,gPAXG,USK
OSMO,ATOM,axlUSDC,USK,OSMO
KUJI,ATOM,axlUSDC,USK,KUJI
axlUSDC,ATOM,USK,JUNO,axlUSDC
axlUSDC,ATOM,USK,KUJI,axlUSDC
LP KUJI-ATOM,ATOM,USK,KUJI,LP KUJI-ATOM
axlUSDC,ATOM,USK,wAVAX,axlUSDC
axlUSDC,ATOM,USK,LUNA,axlUSDC
KUJI,ATOM,USK,LUNA,KUJI
axlUSDC,ATOM,USK,wETH,axlUSDC
axlUSDC,ATOM,USK,DOT,axlUSDC
OSMO,ATOM,USK,axlUSDC,OSMO
KUJI,ATOM,USK,axlUSDC,KUJI
axlUSDC,ATOM,USK,wBNB,axlUSDC
axlUSDC,ATOM,USK,STARS,axlUSDC
axlUSDC,ATOM,USK,SCRT,axlUSDC
axlUSDC,ATOM,USK,LOOP,axlUSDC
axlUSDC,ATOM,USK,OSMO,axlUSDC
axlUSDC,ATOM,USK,gPAXG,axlUSDC
ATOM,axlUSDC,KUJI,LP KUJI-ATOM,ATOM
SCRT,axlUSDC,KUJI,USK,SCRT
JUNO,axlUSDC,KUJI,USK,JUNO
gPAXG,axlUSDC,KUJI,USK,gPAXG
DOT,axlUSDC,KUJI,USK,DOT
wAVAX,axlUSDC,KUJI,USK,wAVAX
wBNB,axlUSDC,KUJI,USK,wBNB
ATOM,axlUSDC,KUJI,USK,ATOM
OSMO,axlUSDC,KUJI,USK,OSMO
LOOP,axlUSDC,KUJI,USK,LOOP
STARS,axlUSDC,KUJI,USK,STARS
wETH,axlUSDC,KUJI,USK,wETH
LUNA,axlUSDC,KUJI,USK,LUNA
USK,axlUSDC,KUJI,LUNA,USK
USK,axlUSDC,KUJI,ATOM,USK
OSMO,axlUSDC,KUJI,ATOM,OSMO
KUJI,axlUSDC,SCRT,USK,KUJI
JUNO,axlUSDC,SCRT,USK,JUNO
gPAXG,axlUSDC,SCRT,USK,gPAXG
DOT,axlUSDC,SCRT,USK,DOT
wAVAX,axlUSDC,SCRT,USK,wAVAX
wBNB,axlUSDC,SCRT,USK,wBNB
ATOM,axlUSDC,SCRT,USK,ATOM
OSMO,axlUSDC,SCRT,USK,OSMO
LOOP,axlUSDC,SCRT,USK,LOOP
STARS,axlUSDC,SCRT,USK,STARS
wETH,axlUSDC,SCRT,USK,wETH
LUNA,axlUSDC,SCRT,USK,LUNA
USK,axlUSDC,ATOM,KUJI,USK
LUNA,axlUSDC,ATOM,KUJI,LUNA
USK,axlUSDC,ATOM,OSMO,USK
KUJI,axlUSDC,ATOM,USK,KUJI
SCRT,axlUSDC,ATOM,USK,SCRT
JUNO,axlUSDC,ATOM,USK,JUNO
gPAXG,axlUSDC,ATOM,USK,gPAXG
DOT,axlUSDC,ATOM,USK,DOT
wAVAX,axlUSDC,ATOM,USK,wAVAX
wBNB,axlUSDC,ATOM,USK,wBNB
OSMO,axlUSDC,ATOM,USK,OSMO
LOOP,axlUSDC,ATOM,USK,LOOP
STARS,axlUSDC,ATOM,USK,STARS
wETH,axlUSDC,ATOM,USK,wETH
LUNA,axlUSDC,ATOM,USK,LUNA
KUJI,axlUSDC,CMDX,USK,KUJI
SCRT,axlUSDC,CMDX,USK,SCRT
JUNO,axlUSDC,CMDX,USK,JUNO
gPAXG,axlUSDC,CMDX,USK,gPAXG
DOT,axlUSDC,CMDX,USK,DOT
wAVAX,axlUSDC,CMDX,USK,wAVAX
wBNB,axlUSDC,CMDX,USK,wBNB
ATOM,axlUSDC,CMDX,USK,ATOM
OSMO,axlUSDC,CMDX,USK,OSMO
LOOP,axlUSDC,CMDX,USK,LOOP
STARS,axlUSDC,CMDX,USK,STARS
wETH,axlUSDC,CMDX,USK,wETH
LUNA,axlUSDC,CMDX,USK,LUNA
USK,axlUSDC,LUNA,KUJI,USK
ATOM,axlUSDC,LUNA,KUJI,ATOM
KUJI,axlUSDC,LUNA,USK,KUJI
SCRT,axlUSDC,LUNA,USK,SCRT
JUNO,axlUSDC,LUNA,USK,JUNO
gPAXG,axlUSDC,LUNA,USK,gPAXG
DOT,axlUSDC,LUNA,USK,DOT
wAVAX,axlUSDC,LUNA,USK,wAVAX
wBNB,axlUSDC,LUNA,USK,wBNB
ATOM,axlUSDC,LUNA,USK,ATOM
OSMO,axlUSDC,LUNA,USK,OSMO
LOOP,axlUSDC,LUNA,USK,LOOP
STARS,axlUSDC,LUNA,USK,STARS
wETH,axlUSDC,LUNA,USK,wETH
KUJI,axlUSDC,LOOP,USK,KUJI
SCRT,axlUSDC,LOOP,USK,SCRT
JUNO,axlUSDC,LOOP,USK,JUNO
gPAXG,axlUSDC,LOOP,USK,gPAXG
DOT,axlUSDC,LOOP,USK,DOT
wAVAX,axlUSDC,LOOP,USK,wAVAX
wBNB,axlUSDC,LOOP,USK,wBNB
ATOM,axlUSDC,LOOP,USK,ATOM
OSMO,axlUSDC,LOOP,USK,OSMO
STARS,axlUSDC,LOOP,USK,STARS
wETH,axlUSDC,LOOP,USK,wETH
LUNA,axlUSDC,LOOP,USK,LUNA
USK,axlUSDC,OSMO,ATOM,USK
KUJI,axlUSDC,OSMO,ATOM,KUJI
KUJI,axlUSDC,OSMO,USK,KUJI
SCRT,axlUSDC,OSMO,USK,SCRT
JUNO,axlUSDC,OSMO,USK,JUNO
gPAXG,axlUSDC,OSMO,USK,gPAXG
DOT,axlUSDC,OSMO,USK,DOT
wAVAX,axlUSDC,OSMO,USK,wAVAX
wBNB,axlUSDC,OSMO,USK,wBNB
ATOM,axlUSDC,OSMO,USK,ATOM
LOOP,axlUSDC,OSMO,USK,LOOP
STARS,axlUSDC,OSMO,USK,STARS
wETH,axlUSDC,OSMO,USK,wETH
LUNA,axlUSDC,OSMO,USK,LUNA
KUJI,axlUSDC,wBNB,USK,KUJI
SCRT,axlUSDC,wBNB,USK,SCRT
JUNO,axlUSDC,wBNB,USK,JUNO
gPAXG,axlUSDC,wBNB,USK,gPAXG
DOT,axlUSDC,wBNB,USK,DOT
wAVAX,axlUSDC,wBNB,USK,wAVAX
ATOM,axlUSDC,wBNB,USK,ATOM
OSMO,axlUSDC,wBNB,USK,OSMO
LOOP,axlUSDC,wBNB,USK,LOOP
STARS,axlUSDC,wBNB,USK,STARS
wETH,axlUSDC,wBNB,USK,wETH
LUNA,axlUSDC,wBNB,USK,LUNA
KUJI,axlUSDC,STARS,USK,KUJI
SCRT,axlUSDC,STARS,USK,SCRT
JUNO,axlUSDC,STARS,USK,JUNO
gPAXG,axlUSDC,STARS,USK,gPAXG
DOT,axlUSDC,STARS,USK,DOT
wAVAX,axlUSDC,STARS,USK,wAVAX
wBNB,axlUSDC,STARS,USK,wBNB
ATOM,axlUSDC,STARS,USK,ATOM
OSMO,axlUSDC,STARS,USK,OSMO
LOOP,axlUSDC,STARS,USK,LOOP
wETH,axlUSDC,STARS,USK,wETH
LUNA,axlUSDC,STARS,USK,LUNA
KUJI,axlUSDC,wETH,USK,KUJI
SCRT,axlUSDC,wETH,USK,SCRT
JUNO,axlUSDC,wETH,USK,JUNO
gPAXG,axlUSDC,wETH,USK,gPAXG
DOT,axlUSDC,wETH,USK,DOT
wAVAX,axlUSDC,wETH,USK,wAVAX
wBNB,axlUSDC,wETH,USK,wBNB
ATOM,axlUSDC,wETH,USK,ATOM
OSMO,axlUSDC,wETH,USK,OSMO
LOOP,axlUSDC,wETH,USK,LOOP
STARS,axlUSDC,wETH,USK,STARS
LUNA,axlUSDC,wETH,USK,LUNA
KUJI,axlUSDC,JUNO,USK,KUJI
SCRT,axlUSDC,JUNO,USK,SCRT
gPAXG,axlUSDC,JUNO,USK,gPAXG
DOT,axlUSDC,JUNO,USK,DOT
wAVAX,axlUSDC,JUNO,USK,wAVAX
wBNB,axlUSDC,JUNO,USK,wBNB
ATOM,axlUSDC,JUNO,USK,ATOM
OSMO,axlUSDC,JUNO,USK,OSMO
LOOP,axlUSDC,JUNO,USK,LOOP
STARS,axlUSDC,JUNO,USK,STARS
wETH,axlUSDC,JUNO,USK,wETH
LUNA,axlUSDC,JUNO,USK,LUNA
KUJI,axlUSDC,DOT,USK,KUJI
SCRT,axlUSDC,DOT,USK,SCRT
JUNO,axlUSDC,DOT,USK,JUNO
gPAXG,axlUSDC,DOT,USK,gPAXG
wAVAX,axlUSDC,DOT,USK,wAVAX
wBNB,axlUSDC,DOT,USK,wBNB
ATOM,axlUSDC,DOT,USK,ATOM
OSMO,axlUSDC,DOT,USK,OSMO
LOOP,axlUSDC,DOT,USK,LOOP
STARS,axlUSDC,DOT,USK,STARS
wETH,axlUSDC,DOT,USK,wETH
LUNA,axlUSDC,DOT,USK,LUNA
KUJI,axlUSDC,gPAXG,USK,KUJI
SCRT,axlUSDC,gPAXG,USK,SCRT
JUNO,axlUSDC,gPAXG,USK,JUNO
DOT,axlUSDC,gPAXG,USK,DOT
wAVAX,axlUSDC,gPAXG,USK,wAVAX
wBNB,axlUSDC,gPAXG,USK,wBNB
ATOM,axlUSDC,gPAXG,USK,ATOM
OSMO,axlUSDC,gPAXG,USK,OSMO
LOOP,axlUSDC,gPAXG,USK,LOOP
STARS,axlUSDC,gPAXG,USK,STARS
wETH,axlUSDC,gPAXG,USK,wETH
LUNA,axlUSDC,gPAXG,USK,LUNA
ATOM,axlUSDC,USK,KUJI,ATOM
LUNA,axlUSDC,USK,KUJI,LUNA
KUJI,axlUSDC,USK,LUNA,KUJI
KUJI,axlUSDC,USK,ATOM,KUJI
OSMO,axlUSDC,USK,ATOM,OSMO
ATOM,axlUSDC,USK,OSMO,ATOM
axlUSDC,LOOP,USK,JUNO,axlUSDC
axlUSDC,LOOP,USK,KUJI,axlUSDC
axlUSDC,LOOP,USK,wAVAX,axlUSDC
axlUSDC,LOOP,USK,LUNA,axlUSDC
axlUSDC,LOOP,USK,wETH,axlUSDC
axlUSDC,LOOP,USK,DOT,axlUSDC
axlUSDC,LOOP,USK,ATOM,axlUSDC
axlUSDC,LOOP,USK,wBNB,axlUSDC
axlUSDC,LOOP,USK,STARS,axlUSDC
axlUSDC,LOOP,USK,SCRT,axlUSDC
axlUSDC,LOOP,USK,OSMO,axlUSDC
axlUSDC,LOOP,USK,gPAXG,axlUSDC
USK,LOOP,axlUSDC,KUJI,USK
USK,LOOP,axlUSDC,SCRT,USK
USK,LOOP,axlUSDC,ATOM,USK
USK,LOOP,axlUSDC,CMDX,USK
USK,LOOP,axlUSDC,LUNA,USK
USK,LOOP,axlUSDC,OSMO,USK
USK,LOOP,axlUSDC,wBNB,USK
USK,LOOP,axlUSDC,STARS,USK
USK,LOOP,axlUSDC,wETH,USK
USK,LOOP,axlUSDC,JUNO,USK
USK,LOOP,axlUSDC,DOT,USK
USK,LOOP,axlUSDC,gPAXG,USK
axlUSDC,OSMO,ATOM,KUJI,axlUSDC
USK,OSMO,ATOM,KUJI,USK
USK,OSMO,ATOM,axlUSDC,USK
axlUSDC,OSMO,ATOM,USK,axlUSDC
axlUSDC,OSMO,USK,JUNO,axlUSDC
axlUSDC,OSMO,USK,KUJI,axlUSDC
ATOM,OSMO,USK,KUJI,ATOM
axlUSDC,OSMO,USK,wAVAX,axlUSDC
axlUSDC,OSMO,USK,LUNA,axlUSDC
axlUSDC,OSMO,USK,wETH,axlUSDC
axlUSDC,OSMO,USK,DOT,axlUSDC
axlUSDC,OSMO,USK,ATOM,axlUSDC
ATOM,OSMO,USK,axlUSDC,ATOM
axlUSDC,OSMO,USK,wBNB,axlUSDC
axlUSDC,OSMO,USK,STARS,axlUSDC
axlUSDC,OSMO,USK,SCRT,axlUSDC
axlUSDC,OSMO,USK,LOOP,axlUSDC
axlUSDC,OSMO,USK,gPAXG,axlUSDC
USK,OSMO,axlUSDC,KUJI,USK
ATOM,OSMO,axlUSDC,KUJI,ATOM
USK,OSMO,axlUSDC,SCRT,USK
USK,OSMO,axlUSDC,ATOM,USK
USK,OSMO,axlUSDC,CMDX,USK
USK,OSMO,axlUSDC,LUNA,USK
USK,OSMO,axlUSDC,LOOP,USK
USK,OSMO,axlUSDC,wBNB,USK
USK,OSMO,axlUSDC,STARS,USK
USK,OSMO,axlUSDC,wETH,USK
USK,OSMO,axlUSDC,JUNO,USK
USK,OSMO,axlUSDC,DOT,USK
USK,OSMO,axlUSDC,gPAXG,USK
ATOM,OSMO,axlUSDC,USK,ATOM
axlUSDC,wBNB,USK,JUNO,axlUSDC
axlUSDC,wBNB,USK,KUJI,axlUSDC
axlUSDC,wBNB,USK,wAVAX,axlUSDC
axlUSDC,wBNB,USK,LUNA,axlUSDC
axlUSDC,wBNB,USK,wETH,axlUSDC
axlUSDC,wBNB,USK,DOT,axlUSDC
axlUSDC,wBNB,USK,ATOM,axlUSDC
axlUSDC,wBNB,USK,STARS,axlUSDC
axlUSDC,wBNB,USK,SCRT,axlUSDC
axlUSDC,wBNB,USK,LOOP,axlUSDC
axlUSDC,wBNB,USK,OSMO,axlUSDC
axlUSDC,wBNB,USK,gPAXG,axlUSDC
USK,wBNB,axlUSDC,KUJI,USK
USK,wBNB,axlUSDC,SCRT,USK
USK,wBNB,axlUSDC,ATOM,USK
USK,wBNB,axlUSDC,CMDX,USK
USK,wBNB,axlUSDC,LUNA,USK
USK,wBNB,axlUSDC,LOOP,USK
USK,wBNB,axlUSDC,OSMO,USK
USK,wBNB,axlUSDC,STARS,USK
USK,wBNB,axlUSDC,wETH,USK
USK,wBNB,axlUSDC,JUNO,USK
USK,wBNB,axlUSDC,DOT,USK
USK,wBNB,axlUSDC,gPAXG,USK
axlUSDC,KUJI,LP KUJI-ATOM,ATOM,axlUSDC
USK,KUJI,LP KUJI-ATOM,ATOM,USK
USK,KUJI,axlUSDC,SCRT,USK
USK,KUJI,axlUSDC,ATOM,USK
USK,KUJI,axlUSDC,CMDX,USK
USK,KUJI,axlUSDC,LUNA,USK
USK,KUJI,axlUSDC,LOOP,USK
USK,KUJI,axlUSDC,OSMO,USK
ATOM,KUJI,axlUSDC,OSMO,ATOM
USK,KUJI,axlUSDC,wBNB,USK
USK,KUJI,axlUSDC,STARS,USK
USK,KUJI,axlUSDC,wETH,USK
USK,KUJI,axlUSDC,JUNO,USK
USK,KUJI,axlUSDC,DOT,USK
USK,KUJI,axlUSDC,gPAXG,USK
LUNA,KUJI,axlUSDC,USK,LUNA
ATOM,KUJI,axlUSDC,USK,ATOM
axlUSDC,KUJI,USK,JUNO,axlUSDC
axlUSDC,KUJI,USK,wAVAX,axlUSDC
axlUSDC,KUJI,USK,LUNA,axlUSDC
axlUSDC,KUJI,USK,wETH,axlUSDC
axlUSDC,KUJI,USK,DOT,axlUSDC
axlUSDC,KUJI,USK,ATOM,axlUSDC
LUNA,KUJI,USK,axlUSDC,LUNA
ATOM,KUJI,USK,axlUSDC,ATOM
axlUSDC,KUJI,USK,wBNB,axlUSDC
axlUSDC,KUJI,USK,STARS,axlUSDC
axlUSDC,KUJI,USK,SCRT,axlUSDC
axlUSDC,KUJI,USK,LOOP,axlUSDC
axlUSDC,KUJI,USK,OSMO,axlUSDC
ATOM,KUJI,USK,OSMO,ATOM
axlUSDC,KUJI,USK,gPAXG,axlUSDC
axlUSDC,KUJI,LUNA,USK,axlUSDC
ATOM,KUJI,LUNA,USK,ATOM
USK,KUJI,LUNA,axlUSDC,USK
ATOM,KUJI,LUNA,axlUSDC,ATOM
axlUSDC,KUJI,ATOM,OSMO,axlUSDC
USK,KUJI,ATOM,OSMO,USK
USK,KUJI,ATOM,axlUSDC,USK
LUNA,KUJI,ATOM,axlUSDC,LUNA
axlUSDC,KUJI,ATOM,USK,axlUSDC
LUNA,KUJI,ATOM,USK,LUNA
USK,SCRT,axlUSDC,KUJI,USK
USK,SCRT,axlUSDC,ATOM,USK
USK,SCRT,axlUSDC,CMDX,USK
USK,SCRT,axlUSDC,LUNA,USK
USK,SCRT,axlUSDC,LOOP,USK
USK,SCRT,axlUSDC,OSMO,USK
USK,SCRT,axlUSDC,wBNB,USK
USK,SCRT,axlUSDC,STARS,USK
USK,SCRT,axlUSDC,wETH,USK
USK,SCRT,axlUSDC,JUNO,USK
USK,SCRT,axlUSDC,DOT,USK
USK,SCRT,axlUSDC,gPAXG,USK
axlUSDC,SCRT,USK,JUNO,axlUSDC
axlUSDC,SCRT,USK,KUJI,axlUSDC
axlUSDC,SCRT,USK,wAVAX,axlUSDC
axlUSDC,SCRT,USK,LUNA,axlUSDC
axlUSDC,SCRT,USK,wETH,axlUSDC
axlUSDC,SCRT,USK,DOT,axlUSDC
axlUSDC,SCRT,USK,ATOM,axlUSDC
axlUSDC,SCRT,USK,wBNB,axlUSDC
axlUSDC,SCRT,USK,STARS,axlUSDC
axlUSDC,SCRT,USK,LOOP,axlUSDC
axlUSDC,SCRT,USK,OSMO,axlUSDC
axlUSDC,SCRT,USK,gPAXG,axlUSDC
USK,DOT,axlUSDC,KUJI,USK
USK,DOT,axlUSDC,SCRT,USK
USK,DOT,axlUSDC,ATOM,USK
USK,DOT,axlUSDC,CMDX,USK
USK,DOT,axlUSDC,LUNA,USK
USK,DOT,axlUSDC,LOOP,USK
USK,DOT,axlUSDC,OSMO,USK
USK,DOT,axlUSDC,wBNB,USK
USK,DOT,axlUSDC,STARS,USK
USK,DOT,axlUSDC,wETH,USK
USK,DOT,axlUSDC,JUNO,USK
USK,DOT,axlUSDC,gPAXG,USK
axlUSDC,DOT,USK,JUNO,axlUSDC
axlUSDC,DOT,USK,KUJI,axlUSDC
axlUSDC,DOT,USK,wAVAX,axlUSDC
axlUSDC,DOT,USK,LUNA,axlUSDC
axlUSDC,DOT,USK,wETH,axlUSDC
axlUSDC,DOT,USK,ATOM,axlUSDC
axlUSDC,DOT,USK,wBNB,axlUSDC
axlUSDC,DOT,USK,STARS,axlUSDC
axlUSDC,DOT,USK,SCRT,axlUSDC
axlUSDC,DOT,USK,LOOP,axlUSDC
axlUSDC,DOT,USK,OSMO,axlUSDC
axlUSDC,DOT,USK,gPAXG,axlUSDC
axlUSDC,CMDX,USK,JUNO,axlUSDC
axlUSDC,CMDX,USK,KUJI,axlUSDC
axlUSDC,CMDX,USK,wAVAX,axlUSDC
axlUSDC,CMDX,USK,LUNA,axlUSDC
axlUSDC,CMDX,USK,wETH,axlUSDC
axlUSDC,CMDX,USK,DOT,axlUSDC
axlUSDC,CMDX,USK,ATOM,axlUSDC
axlUSDC,CMDX,USK,wBNB,axlUSDC
axlUSDC,CMDX,USK,STARS,axlUSDC
axlUSDC,CMDX,USK,SCRT,axlUSDC
axlUSDC,CMDX,USK,LOOP,axlUSDC
axlUSDC,CMDX,USK,OSMO,axlUSDC
axlUSDC,CMDX,USK,gPAXG,axlUSDC
KUJI,LP KUJI-ATOM,ATOM,axlUSDC,KUJI
KUJI,LP KUJI-ATOM,ATOM,USK,KUJI
axlUSDC,JUNO,USK,KUJI,axlUSDC
axlUSDC,JUNO,USK,wAVAX,axlUSDC
axlUSDC,JUNO,USK,LUNA,axlUSDC
axlUSDC,JUNO,USK,wETH,axlUSDC
axlUSDC,JUNO,USK,DOT,axlUSDC
axlUSDC,JUNO,USK,ATOM,axlUSDC
axlUSDC,JUNO,USK,wBNB,axlUSDC
axlUSDC,JUNO,USK,STARS,axlUSDC
axlUSDC,JUNO,USK,SCRT,axlUSDC
axlUSDC,JUNO,USK,LOOP,axlUSDC
axlUSDC,JUNO,USK,OSMO,axlUSDC
axlUSDC,JUNO,USK,gPAXG,axlUSDC
USK,JUNO,axlUSDC,KUJI,USK
USK,JUNO,axlUSDC,SCRT,USK
USK,JUNO,axlUSDC,ATOM,USK
USK,JUNO,axlUSDC,CMDX,USK
USK,JUNO,axlUSDC,LUNA,USK
USK,JUNO,axlUSDC,LOOP,USK
USK,JUNO,axlUSDC,OSMO,USK
USK,JUNO,axlUSDC,wBNB,USK
USK,JUNO,axlUSDC,STARS,USK
USK,JUNO,axlUSDC,wETH,USK
USK,JUNO,axlUSDC,DOT,USK
USK,JUNO,axlUSDC,gPAXG,USK
KUJI,USK,JUNO,axlUSDC,KUJI
LOOP,USK,JUNO,axlUSDC,LOOP
CMDX,USK,JUNO,axlUSDC,CMDX
DOT,USK,JUNO,axlUSDC,DOT
LUNA,USK,JUNO,axlUSDC,LUNA
wBNB,USK,JUNO,axlUSDC,wBNB
SCRT,USK,JUNO,axlUSDC,SCRT
OSMO,USK,JUNO,axlUSDC,OSMO
wETH,USK,JUNO,axlUSDC,wETH
ATOM,USK,JUNO,axlUSDC,ATOM
STARS,USK,JUNO,axlUSDC,STARS
gPAXG,USK,JUNO,axlUSDC,gPAXG
ATOM,USK,KUJI,LP KUJI-ATOM,ATOM
JUNO,USK,KUJI,axlUSDC,JUNO
LOOP,USK,KUJI,axlUSDC,LOOP
CMDX,USK,KUJI,axlUSDC,CMDX
DOT,USK,KUJI,axlUSDC,DOT
LUNA,USK,KUJI,axlUSDC,LUNA
wBNB,USK,KUJI,axlUSDC,wBNB
SCRT,USK,KUJI,axlUSDC,SCRT
OSMO,USK,KUJI,axlUSDC,OSMO
wETH,USK,KUJI,axlUSDC,wETH
ATOM,USK,KUJI,axlUSDC,ATOM
STARS,USK,KUJI,axlUSDC,STARS
gPAXG,USK,KUJI,axlUSDC,gPAXG
axlUSDC,USK,KUJI,LUNA,axlUSDC
OSMO,USK,KUJI,ATOM,OSMO
axlUSDC,USK,KUJI,ATOM,axlUSDC
JUNO,USK,wAVAX,axlUSDC,JUNO
KUJI,USK,wAVAX,axlUSDC,KUJI
LOOP,USK,wAVAX,axlUSDC,LOOP
CMDX,USK,wAVAX,axlUSDC,CMDX
DOT,USK,wAVAX,axlUSDC,DOT
LUNA,USK,wAVAX,axlUSDC,LUNA
wBNB,USK,wAVAX,axlUSDC,wBNB
SCRT,USK,wAVAX,axlUSDC,SCRT
OSMO,USK,wAVAX,axlUSDC,OSMO
wETH,USK,wAVAX,axlUSDC,wETH
ATOM,USK,wAVAX,axlUSDC,ATOM
STARS,USK,wAVAX,axlUSDC,STARS
gPAXG,USK,wAVAX,axlUSDC,gPAXG
axlUSDC,USK,LUNA,KUJI,axlUSDC
ATOM,USK,LUNA,KUJI,ATOM
JUNO,USK,LUNA,axlUSDC,JUNO
KUJI,USK,LUNA,axlUSDC,KUJI
LOOP,USK,LUNA,axlUSDC,LOOP
CMDX,USK,LUNA,axlUSDC,CMDX
DOT,USK,LUNA,axlUSDC,DOT
wBNB,USK,LUNA,axlUSDC,wBNB
SCRT,USK,LUNA,axlUSDC,SCRT
OSMO,USK,LUNA,axlUSDC,OSMO
wETH,USK,LUNA,axlUSDC,wETH
ATOM,USK,LUNA,axlUSDC,ATOM
STARS,USK,LUNA,axlUSDC,STARS
gPAXG,USK,LUNA,axlUSDC,gPAXG
JUNO,USK,wETH,axlUSDC,JUNO
KUJI,USK,wETH,axlUSDC,KUJI
LOOP,USK,wETH,axlUSDC,LOOP
CMDX,USK,wETH,axlUSDC,CMDX
DOT,USK,wETH,axlUSDC,DOT
LUNA,USK,wETH,axlUSDC,LUNA
wBNB,USK,wETH,axlUSDC,wBNB
SCRT,USK,wETH,axlUSDC,SCRT
OSMO,USK,wETH,axlUSDC,OSMO
ATOM,USK,wETH,axlUSDC,ATOM
STARS,USK,wETH,axlUSDC,STARS
gPAXG,USK,wETH,axlUSDC,gPAXG
JUNO,USK,DOT,axlUSDC,JUNO
KUJI,USK,DOT,axlUSDC,KUJI
LOOP,USK,DOT,axlUSDC,LOOP
CMDX,USK,DOT,axlUSDC,CMDX
LUNA,USK,DOT,axlUSDC,LUNA
wBNB,USK,DOT,axlUSDC,wBNB
SCRT,USK,DOT,axlUSDC,SCRT
OSMO,USK,DOT,axlUSDC,OSMO
wETH,USK,DOT,axlUSDC,wETH
ATOM,USK,DOT,axlUSDC,ATOM
STARS,USK,DOT,axlUSDC,STARS
gPAXG,USK,DOT,axlUSDC,gPAXG
LUNA,USK,ATOM,KUJI,LUNA
axlUSDC,USK,ATOM,KUJI,axlUSDC
axlUSDC,USK,ATOM,OSMO,axlUSDC
JUNO,USK,ATOM,axlUSDC,JUNO
KUJI,USK,ATOM,axlUSDC,KUJI
LOOP,USK,ATOM,axlUSDC,LOOP
CMDX,USK,ATOM,axlUSDC,CMDX
DOT,USK,ATOM,axlUSDC,DOT
LUNA,USK,ATOM,axlUSDC,LUNA
wBNB,USK,ATOM,axlUSDC,wBNB
SCRT,USK,ATOM,axlUSDC,SCRT
OSMO,USK,ATOM,axlUSDC,OSMO
wETH,USK,ATOM,axlUSDC,wETH
STARS,USK,ATOM,axlUSDC,STARS
gPAXG,USK,ATOM,axlUSDC,gPAXG
LUNA,USK,axlUSDC,KUJI,LUNA
ATOM,USK,axlUSDC,KUJI,ATOM
KUJI,USK,axlUSDC,ATOM,KUJI
OSMO,USK,axlUSDC,ATOM,OSMO
KUJI,USK,axlUSDC,LUNA,KUJI
ATOM,USK,axlUSDC,OSMO,ATOM
JUNO,USK,wBNB,axlUSDC,JUNO
KUJI,USK,wBNB,axlUSDC,KUJI
LOOP,USK,wBNB,axlUSDC,LOOP
CMDX,USK,wBNB,axlUSDC,CMDX
DOT,USK,wBNB,axlUSDC,DOT
LUNA,USK,wBNB,axlUSDC,LUNA
SCRT,USK,wBNB,axlUSDC,SCRT
OSMO,USK,wBNB,axlUSDC,OSMO
wETH,USK,wBNB,axlUSDC,wETH
ATOM,USK,wBNB,axlUSDC,ATOM
STARS,USK,wBNB,axlUSDC,STARS
gPAXG,USK,wBNB,axlUSDC,gPAXG
JUNO,USK,STARS,axlUSDC,JUNO
KUJI,USK,STARS,axlUSDC,KUJI
LOOP,USK,STARS,axlUSDC,LOOP
CMDX,USK,STARS,axlUSDC,CMDX
DOT,USK,STARS,axlUSDC,DOT
LUNA,USK,STARS,axlUSDC,LUNA
wBNB,USK,STARS,axlUSDC,wBNB
SCRT,USK,STARS,axlUSDC,SCRT
OSMO,USK,STARS,axlUSDC,OSMO
wETH,USK,STARS,axlUSDC,wETH
ATOM,USK,STARS,axlUSDC,ATOM
gPAXG,USK,STARS,axlUSDC,gPAXG
JUNO,USK,SCRT,axlUSDC,JUNO
KUJI,USK,SCRT,axlUSDC,KUJI
LOOP,USK,SCRT,axlUSDC,LOOP
CMDX,USK,SCRT,axlUSDC,CMDX
DOT,USK,SCRT,axlUSDC,DOT
LUNA,USK,SCRT,axlUSDC,LUNA
wBNB,USK,SCRT,axlUSDC,wBNB
OSMO,USK,SCRT,axlUSDC,OSMO
wETH,USK,SCRT,axlUSDC,wETH
ATOM,USK,SCRT,axlUSDC,ATOM
STARS,USK,SCRT,axlUSDC,STARS
gPAXG,USK,SCRT,axlUSDC,gPAXG
JUNO,USK,LOOP,axlUSDC,JUNO
KUJI,USK,LOOP,axlUSDC,KUJI
CMDX,USK,LOOP,axlUSDC,CMDX
DOT,USK,LOOP,axlUSDC,DOT
LUNA,USK,LOOP,axlUSDC,LUNA
wBNB,USK,LOOP,axlUSDC,wBNB
SCRT,USK,LOOP,axlUSDC,SCRT
OSMO,USK,LOOP,axlUSDC,OSMO
wETH,USK,LOOP,axlUSDC,wETH
ATOM,USK,LOOP,axlUSDC,ATOM
STARS,USK,LOOP,axlUSDC,STARS
gPAXG,USK,LOOP,axlUSDC,gPAXG
KUJI,USK,OSMO,ATOM,KUJI
axlUSDC,USK,OSMO,ATOM,axlUSDC
JUNO,USK,OSMO,axlUSDC,JUNO
KUJI,USK,OSMO,axlUSDC,KUJI
LOOP,USK,OSMO,axlUSDC,LOOP
CMDX,USK,OSMO,axlUSDC,CMDX
DOT,USK,OSMO,axlUSDC,DOT
LUNA,USK,OSMO,axlUSDC,LUNA
wBNB,USK,OSMO,axlUSDC,wBNB
SCRT,USK,OSMO,axlUSDC,SCRT
wETH,USK,OSMO,axlUSDC,wETH
ATOM,USK,OSMO,axlUSDC,ATOM
STARS,USK,OSMO,axlUSDC,STARS
gPAXG,USK,OSMO,axlUSDC,gPAXG
JUNO,USK,gPAXG,axlUSDC,JUNO
KUJI,USK,gPAXG,axlUSDC,KUJI
LOOP,USK,gPAXG,axlUSDC,LOOP
CMDX,USK,gPAXG,axlUSDC,CMDX
DOT,USK,gPAXG,axlUSDC,DOT
LUNA,USK,gPAXG,axlUSDC,LUNA
wBNB,USK,gPAXG,axlUSDC,wBNB
SCRT,USK,gPAXG,axlUSDC,SCRT
OSMO,USK,gPAXG,axlUSDC,OSMO
wETH,USK,gPAXG,axlUSDC,wETH
ATOM,USK,gPAXG,axlUSDC,ATOM
STARS,USK,gPAXG,axlUSDC,STARS
USK,wAVAX,axlUSDC,KUJI,LUNA,USK
USK,wAVAX,axlUSDC,KUJI,ATOM,USK
USK,wAVAX,axlUSDC,ATOM,OSMO,USK
USK,wAVAX,axlUSDC,ATOM,KUJI,USK
USK,wAVAX,axlUSDC,LUNA,KUJI,USK
USK,wAVAX,axlUSDC,OSMO,ATOM,USK
axlUSDC,LUNA,KUJI,LP KUJI-ATOM,ATOM,axlUSDC
USK,LUNA,KUJI,LP KUJI-ATOM,ATOM,USK
USK,LUNA,KUJI,axlUSDC,LUNA,USK
USK,LUNA,KUJI,axlUSDC,wETH,USK
USK,LUNA,KUJI,axlUSDC,STARS,USK
USK,LUNA,KUJI,axlUSDC,gPAXG,USK
USK,LUNA,KUJI,axlUSDC,ATOM,USK
USK,LUNA,KUJI,axlUSDC,LOOP,USK
USK,LUNA,KUJI,axlUSDC,OSMO,USK
USK,LUNA,KUJI,axlUSDC,wBNB,USK
USK,LUNA,KUJI,axlUSDC,SCRT,USK
USK,LUNA,KUJI,axlUSDC,DOT,USK
USK,LUNA,KUJI,axlUSDC,CMDX,USK
USK,LUNA,KUJI,axlUSDC,JUNO,USK
axlUSDC,LUNA,KUJI,USK,wAVAX,axlUSDC
axlUSDC,LUNA,KUJI,USK,LUNA,axlUSDC
axlUSDC,LUNA,KUJI,USK,wETH,axlUSDC
axlUSDC,LUNA,KUJI,USK,STARS,axlUSDC
axlUSDC,LUNA,KUJI,USK,gPAXG,axlUSDC
axlUSDC,LUNA,KUJI,USK,ATOM,axlUSDC
axlUSDC,LUNA,KUJI,USK,LOOP,axlUSDC
axlUSDC,LUNA,KUJI,USK,OSMO,axlUSDC
axlUSDC,LUNA,KUJI,USK,wBNB,axlUSDC
axlUSDC,LUNA,KUJI,USK,SCRT,axlUSDC
axlUSDC,LUNA,KUJI,USK,DOT,axlUSDC
axlUSDC,LUNA,KUJI,USK,JUNO,axlUSDC
axlUSDC,LUNA,KUJI,ATOM,OSMO,axlUSDC
axlUSDC,LUNA,KUJI,ATOM,USK,axlUSDC
USK,LUNA,KUJI,ATOM,axlUSDC,USK
USK,LUNA,KUJI,ATOM,OSMO,USK
KUJI,LUNA,USK,JUNO,axlUSDC,KUJI
axlUSDC,LUNA,USK,KUJI,LUNA,axlUSDC
axlUSDC,LUNA,USK,KUJI,ATOM,axlUSDC
KUJI,LUNA,USK,wAVAX,axlUSDC,KUJI
KUJI,LUNA,USK,wETH,axlUSDC,KUJI
KUJI,LUNA,USK,DOT,axlUSDC,KUJI
axlUSDC,LUNA,USK,ATOM,OSMO,axlUSDC
axlUSDC,LUNA,USK,ATOM,KUJI,axlUSDC
KUJI,LUNA,USK,ATOM,axlUSDC,KUJI
KUJI,LUNA,USK,axlUSDC,LUNA,KUJI
KUJI,LUNA,USK,axlUSDC,ATOM,KUJI
KUJI,LUNA,USK,wBNB,axlUSDC,KUJI
KUJI,LUNA,USK,STARS,axlUSDC,KUJI
KUJI,LUNA,USK,SCRT,axlUSDC,KUJI
KUJI,LUNA,USK,LOOP,axlUSDC,KUJI
axlUSDC,LUNA,USK,OSMO,ATOM,axlUSDC
KUJI,LUNA,USK,OSMO,ATOM,KUJI
KUJI,LUNA,USK,OSMO,axlUSDC,KUJI
KUJI,LUNA,USK,gPAXG,axlUSDC,KUJI
USK,LUNA,axlUSDC,KUJI,LUNA,USK
USK,LUNA,axlUSDC,KUJI,ATOM,USK
KUJI,LUNA,axlUSDC,SCRT,USK,KUJI
USK,LUNA,axlUSDC,ATOM,OSMO,USK
USK,LUNA,axlUSDC,ATOM,KUJI,USK
KUJI,LUNA,axlUSDC,ATOM,USK,KUJI
KUJI,LUNA,axlUSDC,CMDX,USK,KUJI
KUJI,LUNA,axlUSDC,LOOP,USK,KUJI
USK,LUNA,axlUSDC,OSMO,ATOM,USK
KUJI,LUNA,axlUSDC,OSMO,ATOM,KUJI
KUJI,LUNA,axlUSDC,OSMO,USK,KUJI
KUJI,LUNA,axlUSDC,wBNB,USK,KUJI
KUJI,LUNA,axlUSDC,STARS,USK,KUJI
KUJI,LUNA,axlUSDC,wETH,USK,KUJI
KUJI,LUNA,axlUSDC,JUNO,USK,KUJI
KUJI,LUNA,axlUSDC,DOT,USK,KUJI
KUJI,LUNA,axlUSDC,gPAXG,USK,KUJI
KUJI,LUNA,axlUSDC,USK,LUNA,KUJI
KUJI,LUNA,axlUSDC,USK,ATOM,KUJI
axlUSDC,wETH,USK,KUJI,LUNA,axlUSDC
axlUSDC,wETH,USK,KUJI,ATOM,axlUSDC
axlUSDC,wETH,USK,LUNA,KUJI,axlUSDC
axlUSDC,wETH,USK,ATOM,OSMO,axlUSDC
axlUSDC,wETH,USK,ATOM,KUJI,axlUSDC
axlUSDC,wETH,USK,OSMO,ATOM,axlUSDC
USK,wETH,axlUSDC,KUJI,LUNA,USK
USK,wETH,axlUSDC,KUJI,ATOM,USK
USK,wETH,axlUSDC,ATOM,OSMO,USK
USK,wETH,axlUSDC,ATOM,KUJI,USK
USK,wETH,axlUSDC,LUNA,KUJI,USK
USK,wETH,axlUSDC,OSMO,ATOM,USK
axlUSDC,STARS,USK,KUJI,LUNA,axlUSDC
axlUSDC,STARS,USK,KUJI,ATOM,axlUSDC
axlUSDC,STARS,USK,LUNA,KUJI,axlUSDC
axlUSDC,STARS,USK,ATOM,OSMO,axlUSDC
axlUSDC,STARS,USK,ATOM,KUJI,axlUSDC
axlUSDC,STARS,USK,OSMO,ATOM,axlUSDC
USK,STARS,axlUSDC,KUJI,LUNA,USK
USK,STARS,axlUSDC,KUJI,ATOM,USK
USK,STARS,axlUSDC,ATOM,OSMO,USK
USK,STARS,axlUSDC,ATOM,KUJI,USK
USK,STARS,axlUSDC,LUNA,KUJI,USK
USK,STARS,axlUSDC,OSMO,ATOM,USK
USK,gPAXG,axlUSDC,KUJI,LUNA,USK
USK,gPAXG,axlUSDC,KUJI,ATOM,USK
USK,gPAXG,axlUSDC,ATOM,OSMO,USK
USK,gPAXG,axlUSDC,ATOM,KUJI,USK
USK,gPAXG,axlUSDC,LUNA,KUJI,USK
USK,gPAXG,axlUSDC,OSMO,ATOM,USK
axlUSDC,gPAXG,USK,KUJI,LUNA,axlUSDC
axlUSDC,gPAXG,USK,KUJI,ATOM,axlUSDC
axlUSDC,gPAXG,USK,LUNA,KUJI,axlUSDC
axlUSDC,gPAXG,USK,ATOM,OSMO,axlUSDC
axlUSDC,gPAXG,USK,ATOM,KUJI,axlUSDC
axlUSDC,gPAXG,USK,OSMO,ATOM,axlUSDC
axlUSDC,ATOM,KUJI,LP KUJI-ATOM,ATOM,axlUSDC
OSMO,ATOM,KUJI,LP KUJI-ATOM,ATOM,OSMO
USK,ATOM,KUJI,LP KUJI-ATOM,ATOM,USK
OSMO,ATOM,KUJI,axlUSDC,ATOM,OSMO
OSMO,ATOM,KUJI,axlUSDC,USK,OSMO
USK,ATOM,KUJI,axlUSDC,LUNA,USK
USK,ATOM,KUJI,axlUSDC,wETH,USK
USK,ATOM,KUJI,axlUSDC,STARS,USK
USK,ATOM,KUJI,axlUSDC,gPAXG,USK
USK,ATOM,KUJI,axlUSDC,ATOM,USK
USK,ATOM,KUJI,axlUSDC,LOOP,USK
USK,ATOM,KUJI,axlUSDC,OSMO,USK
USK,ATOM,KUJI,axlUSDC,wBNB,USK
USK,ATOM,KUJI,axlUSDC,SCRT,USK
USK,ATOM,KUJI,axlUSDC,DOT,USK
USK,ATOM,KUJI,axlUSDC,CMDX,USK
USK,ATOM,KUJI,axlUSDC,JUNO,USK
axlUSDC,ATOM,KUJI,USK,wAVAX,axlUSDC
axlUSDC,ATOM,KUJI,USK,LUNA,axlUSDC
axlUSDC,ATOM,KUJI,USK,wETH,axlUSDC
axlUSDC,ATOM,KUJI,USK,STARS,axlUSDC
axlUSDC,ATOM,KUJI,USK,gPAXG,axlUSDC
axlUSDC,ATOM,KUJI,USK,ATOM,axlUSDC
axlUSDC,ATOM,KUJI,USK,LOOP,axlUSDC
axlUSDC,ATOM,KUJI,USK,OSMO,axlUSDC
axlUSDC,ATOM,KUJI,USK,wBNB,axlUSDC
axlUSDC,ATOM,KUJI,USK,SCRT,axlUSDC
axlUSDC,ATOM,KUJI,USK,DOT,axlUSDC
axlUSDC,ATOM,KUJI,USK,JUNO,axlUSDC
OSMO,ATOM,KUJI,USK,ATOM,OSMO
OSMO,ATOM,KUJI,USK,axlUSDC,OSMO
axlUSDC,ATOM,KUJI,LUNA,USK,axlUSDC
OSMO,ATOM,KUJI,LUNA,axlUSDC,OSMO
OSMO,ATOM,KUJI,LUNA,USK,OSMO
USK,ATOM,KUJI,LUNA,axlUSDC,USK
axlUSDC,ATOM,OSMO,USK,wAVAX,axlUSDC
axlUSDC,ATOM,OSMO,USK,LUNA,axlUSDC
axlUSDC,ATOM,OSMO,USK,wETH,axlUSDC
axlUSDC,ATOM,OSMO,USK,STARS,axlUSDC
axlUSDC,ATOM,OSMO,USK,gPAXG,axlUSDC
axlUSDC,ATOM,OSMO,USK,ATOM,axlUSDC
axlUSDC,ATOM,OSMO,USK,LOOP,axlUSDC
axlUSDC,ATOM,OSMO,USK,wBNB,axlUSDC
axlUSDC,ATOM,OSMO,USK,KUJI,axlUSDC
axlUSDC,ATOM,OSMO,USK,SCRT,axlUSDC
axlUSDC,ATOM,OSMO,USK,DOT,axlUSDC
axlUSDC,ATOM,OSMO,USK,JUNO,axlUSDC
LP KUJI-ATOM,ATOM,OSMO,USK,KUJI,LP KUJI-ATOM
KUJI,ATOM,OSMO,USK,LUNA,KUJI
KUJI,ATOM,OSMO,USK,ATOM,KUJI
KUJI,ATOM,OSMO,USK,axlUSDC,KUJI
USK,ATOM,OSMO,axlUSDC,LUNA,USK
USK,ATOM,OSMO,axlUSDC,wETH,USK
USK,ATOM,OSMO,axlUSDC,STARS,USK
USK,ATOM,OSMO,axlUSDC,gPAXG,USK
USK,ATOM,OSMO,axlUSDC,ATOM,USK
USK,ATOM,OSMO,axlUSDC,LOOP,USK
USK,ATOM,OSMO,axlUSDC,wBNB,USK
USK,ATOM,OSMO,axlUSDC,KUJI,USK
USK,ATOM,OSMO,axlUSDC,SCRT,USK
USK,ATOM,OSMO,axlUSDC,DOT,USK
USK,ATOM,OSMO,axlUSDC,CMDX,USK
USK,ATOM,OSMO,axlUSDC,JUNO,USK
LP KUJI-ATOM,ATOM,OSMO,axlUSDC,KUJI,LP KUJI-ATOM
KUJI,ATOM,OSMO,axlUSDC,LUNA,KUJI
KUJI,ATOM,OSMO,axlUSDC,ATOM,KUJI
KUJI,ATOM,OSMO,axlUSDC,USK,KUJI
OSMO,ATOM,axlUSDC,KUJI,ATOM,OSMO
OSMO,ATOM,axlUSDC,KUJI,USK,OSMO
USK,ATOM,axlUSDC,KUJI,LUNA,USK
USK,ATOM,axlUSDC,KUJI,ATOM,USK
OSMO,ATOM,axlUSDC,SCRT,USK,OSMO
KUJI,ATOM,axlUSDC,SCRT,USK,KUJI
OSMO,ATOM,axlUSDC,CMDX,USK,OSMO
KUJI,ATOM,axlUSDC,CMDX,USK,KUJI
OSMO,ATOM,axlUSDC,LUNA,USK,OSMO
USK,ATOM,axlUSDC,LUNA,KUJI,USK
LP KUJI-ATOM,ATOM,axlUSDC,LUNA,KUJI,LP KUJI-ATOM
KUJI,ATOM,axlUSDC,LUNA,USK,KUJI
OSMO,ATOM,axlUSDC,LOOP,USK,OSMO
KUJI,ATOM,axlUSDC,LOOP,USK,KUJI
USK,ATOM,axlUSDC,OSMO,ATOM,USK
KUJI,ATOM,axlUSDC,OSMO,ATOM,KUJI
KUJI,ATOM,axlUSDC,OSMO,USK,KUJI
OSMO,ATOM,axlUSDC,wBNB,USK,OSMO
KUJI,ATOM,axlUSDC,wBNB,USK,KUJI
OSMO,ATOM,axlUSDC,STARS,USK,OSMO
KUJI,ATOM,axlUSDC,STARS,USK,KUJI
OSMO,ATOM,axlUSDC,wETH,USK,OSMO
KUJI,ATOM,axlUSDC,wETH,USK,KUJI
OSMO,ATOM,axlUSDC,JUNO,USK,OSMO
KUJI,ATOM,axlUSDC,JUNO,USK,KUJI
OSMO,ATOM,axlUSDC,DOT,USK,OSMO
KUJI,ATOM,axlUSDC,DOT,USK,KUJI
OSMO,ATOM,axlUSDC,gPAXG,USK,OSMO
KUJI,ATOM,axlUSDC,gPAXG,USK,KUJI
OSMO,ATOM,axlUSDC,USK,ATOM,OSMO
LP KUJI-ATOM,ATOM,axlUSDC,USK,KUJI,LP KUJI-ATOM
KUJI,ATOM,axlUSDC,USK,LUNA,KUJI
KUJI,ATOM,axlUSDC,USK,ATOM,KUJI
OSMO,ATOM,USK,JUNO,axlUSDC,OSMO
KUJI,ATOM,USK,JUNO,axlUSDC,KUJI
axlUSDC,ATOM,USK,KUJI,LUNA,axlUSDC
axlUSDC,ATOM,USK,KUJI,ATOM,axlUSDC
OSMO,ATOM,USK,KUJI,ATOM,OSMO
OSMO,ATOM,USK,KUJI,axlUSDC,OSMO
OSMO,ATOM,USK,wAVAX,axlUSDC,OSMO
KUJI,ATOM,USK,wAVAX,axlUSDC,KUJI
axlUSDC,ATOM,USK,LUNA,KUJI,axlUSDC
OSMO,ATOM,USK,LUNA,axlUSDC,OSMO
LP KUJI-ATOM,ATOM,USK,LUNA,KUJI,LP KUJI-ATOM
KUJI,ATOM,USK,LUNA,axlUSDC,KUJI
OSMO,ATOM,USK,wETH,axlUSDC,OSMO
KUJI,ATOM,USK,wETH,axlUSDC,KUJI
OSMO,ATOM,USK,DOT,axlUSDC,OSMO
KUJI,ATOM,USK,DOT,axlUSDC,KUJI
OSMO,ATOM,USK,axlUSDC,ATOM,OSMO
LP KUJI-ATOM,ATOM,USK,axlUSDC,KUJI,LP KUJI-ATOM
KUJI,ATOM,USK,axlUSDC,LUNA,KUJI
KUJI,ATOM,USK,axlUSDC,ATOM,KUJI
OSMO,ATOM,USK,wBNB,axlUSDC,OSMO
KUJI,ATOM,USK,wBNB,axlUSDC,KUJI
OSMO,ATOM,USK,STARS,axlUSDC,OSMO
KUJI,ATOM,USK,STARS,axlUSDC,KUJI
OSMO,ATOM,USK,SCRT,axlUSDC,OSMO
KUJI,ATOM,USK,SCRT,axlUSDC,KUJI
OSMO,ATOM,USK,LOOP,axlUSDC,OSMO
KUJI,ATOM,USK,LOOP,axlUSDC,KUJI
axlUSDC,ATOM,USK,OSMO,ATOM,axlUSDC
KUJI,ATOM,USK,OSMO,ATOM,KUJI
KUJI,ATOM,USK,OSMO,axlUSDC,KUJI
OSMO,ATOM,USK,gPAXG,axlUSDC,OSMO
KUJI,ATOM,USK,gPAXG,axlUSDC,KUJI
USK,axlUSDC,KUJI,LP KUJI-ATOM,ATOM,USK
OSMO,axlUSDC,KUJI,LP KUJI-ATOM,ATOM,OSMO
SCRT,axlUSDC,KUJI,USK,axlUSDC,SCRT
EVMOS,axlUSDC,KUJI,USK,axlUSDC,EVMOS
CMDX,axlUSDC,KUJI,USK,axlUSDC,CMDX
JUNO,axlUSDC,KUJI,USK,axlUSDC,JUNO
gPAXG,axlUSDC,KUJI,USK,axlUSDC,gPAXG
DOT,axlUSDC,KUJI,USK,axlUSDC,DOT
wBNB,axlUSDC,KUJI,USK,axlUSDC,wBNB
ATOM,axlUSDC,KUJI,USK,axlUSDC,ATOM
ATOM,axlUSDC,KUJI,USK,OSMO,ATOM
OSMO,axlUSDC,KUJI,USK,ATOM,OSMO
OSMO,axlUSDC,KUJI,USK,axlUSDC,OSMO
LOOP,axlUSDC,KUJI,USK,axlUSDC,LOOP
STARS,axlUSDC,KUJI,USK,axlUSDC,STARS
wETH,axlUSDC,KUJI,USK,axlUSDC,wETH
LUNA,axlUSDC,KUJI,USK,axlUSDC,LUNA
USK,axlUSDC,KUJI,LUNA,axlUSDC,USK
SCRT,axlUSDC,KUJI,LUNA,axlUSDC,SCRT
SCRT,axlUSDC,KUJI,LUNA,USK,SCRT
EVMOS,axlUSDC,KUJI,LUNA,axlUSDC,EVMOS
CMDX,axlUSDC,KUJI,LUNA,axlUSDC,CMDX
JUNO,axlUSDC,KUJI,LUNA,axlUSDC,JUNO
JUNO,axlUSDC,KUJI,LUNA,USK,JUNO
gPAXG,axlUSDC,KUJI,LUNA,axlUSDC,gPAXG
gPAXG,axlUSDC,KUJI,LUNA,USK,gPAXG
DOT,axlUSDC,KUJI,LUNA,axlUSDC,DOT
DOT,axlUSDC,KUJI,LUNA,USK,DOT
wAVAX,axlUSDC,KUJI,LUNA,USK,wAVAX
wBNB,axlUSDC,KUJI,LUNA,axlUSDC,wBNB
wBNB,axlUSDC,KUJI,LUNA,USK,wBNB
ATOM,axlUSDC,KUJI,LUNA,axlUSDC,ATOM
ATOM,axlUSDC,KUJI,LUNA,USK,ATOM
OSMO,axlUSDC,KUJI,LUNA,axlUSDC,OSMO
OSMO,axlUSDC,KUJI,LUNA,USK,OSMO
LOOP,axlUSDC,KUJI,LUNA,axlUSDC,LOOP
LOOP,axlUSDC,KUJI,LUNA,USK,LOOP
STARS,axlUSDC,KUJI,LUNA,axlUSDC,STARS
STARS,axlUSDC,KUJI,LUNA,USK,STARS
wETH,axlUSDC,KUJI,LUNA,axlUSDC,wETH
wETH,axlUSDC,KUJI,LUNA,USK,wETH
USK,axlUSDC,KUJI,ATOM,axlUSDC,USK
USK,axlUSDC,KUJI,ATOM,OSMO,USK
SCRT,axlUSDC,KUJI,ATOM,axlUSDC,SCRT
SCRT,axlUSDC,KUJI,ATOM,USK,SCRT
EVMOS,axlUSDC,KUJI,ATOM,axlUSDC,EVMOS
CMDX,axlUSDC,KUJI,ATOM,axlUSDC,CMDX
JUNO,axlUSDC,KUJI,ATOM,axlUSDC,JUNO
JUNO,axlUSDC,KUJI,ATOM,USK,JUNO
gPAXG,axlUSDC,KUJI,ATOM,axlUSDC,gPAXG
gPAXG,axlUSDC,KUJI,ATOM,USK,gPAXG
DOT,axlUSDC,KUJI,ATOM,axlUSDC,DOT
DOT,axlUSDC,KUJI,ATOM,USK,DOT
wAVAX,axlUSDC,KUJI,ATOM,USK,wAVAX
wBNB,axlUSDC,KUJI,ATOM,axlUSDC,wBNB
wBNB,axlUSDC,KUJI,ATOM,USK,wBNB
OSMO,axlUSDC,KUJI,ATOM,axlUSDC,OSMO
OSMO,axlUSDC,KUJI,ATOM,USK,OSMO
LOOP,axlUSDC,KUJI,ATOM,axlUSDC,LOOP
LOOP,axlUSDC,KUJI,ATOM,USK,LOOP
STARS,axlUSDC,KUJI,ATOM,axlUSDC,STARS
STARS,axlUSDC,KUJI,ATOM,USK,STARS
wETH,axlUSDC,KUJI,ATOM,axlUSDC,wETH
wETH,axlUSDC,KUJI,ATOM,USK,wETH
LUNA,axlUSDC,KUJI,ATOM,axlUSDC,LUNA
LUNA,axlUSDC,KUJI,ATOM,USK,LUNA
KUJI,axlUSDC,SCRT,USK,LUNA,KUJI
KUJI,axlUSDC,SCRT,USK,ATOM,KUJI
KUJI,axlUSDC,SCRT,USK,axlUSDC,KUJI
EVMOS,axlUSDC,SCRT,USK,axlUSDC,EVMOS
CMDX,axlUSDC,SCRT,USK,axlUSDC,CMDX
JUNO,axlUSDC,SCRT,USK,axlUSDC,JUNO
gPAXG,axlUSDC,SCRT,USK,axlUSDC,gPAXG
DOT,axlUSDC,SCRT,USK,axlUSDC,DOT
wBNB,axlUSDC,SCRT,USK,axlUSDC,wBNB
ATOM,axlUSDC,SCRT,USK,axlUSDC,ATOM
ATOM,axlUSDC,SCRT,USK,OSMO,ATOM
ATOM,axlUSDC,SCRT,USK,KUJI,ATOM
OSMO,axlUSDC,SCRT,USK,ATOM,OSMO
OSMO,axlUSDC,SCRT,USK,axlUSDC,OSMO
LOOP,axlUSDC,SCRT,USK,axlUSDC,LOOP
STARS,axlUSDC,SCRT,USK,axlUSDC,STARS
wETH,axlUSDC,SCRT,USK,axlUSDC,wETH
LUNA,axlUSDC,SCRT,USK,axlUSDC,LUNA
LUNA,axlUSDC,SCRT,USK,KUJI,LUNA
USK,axlUSDC,ATOM,KUJI,LUNA,USK
USK,axlUSDC,ATOM,KUJI,axlUSDC,USK
SCRT,axlUSDC,ATOM,KUJI,axlUSDC,SCRT
SCRT,axlUSDC,ATOM,KUJI,USK,SCRT
EVMOS,axlUSDC,ATOM,KUJI,axlUSDC,EVMOS
CMDX,axlUSDC,ATOM,KUJI,axlUSDC,CMDX
JUNO,axlUSDC,ATOM,KUJI,axlUSDC,JUNO
JUNO,axlUSDC,ATOM,KUJI,USK,JUNO
gPAXG,axlUSDC,ATOM,KUJI,axlUSDC,gPAXG
gPAXG,axlUSDC,ATOM,KUJI,USK,gPAXG
DOT,axlUSDC,ATOM,KUJI,axlUSDC,DOT
DOT,axlUSDC,ATOM,KUJI,USK,DOT
wAVAX,axlUSDC,ATOM,KUJI,USK,wAVAX
wBNB,axlUSDC,ATOM,KUJI,axlUSDC,wBNB
wBNB,axlUSDC,ATOM,KUJI,USK,wBNB
OSMO,axlUSDC,ATOM,KUJI,axlUSDC,OSMO
OSMO,axlUSDC,ATOM,KUJI,USK,OSMO
LOOP,axlUSDC,ATOM,KUJI,axlUSDC,LOOP
LOOP,axlUSDC,ATOM,KUJI,USK,LOOP
STARS,axlUSDC,ATOM,KUJI,axlUSDC,STARS
STARS,axlUSDC,ATOM,KUJI,USK,STARS
wETH,axlUSDC,ATOM,KUJI,axlUSDC,wETH
wETH,axlUSDC,ATOM,KUJI,USK,wETH
LUNA,axlUSDC,ATOM,KUJI,axlUSDC,LUNA
LUNA,axlUSDC,ATOM,KUJI,USK,LUNA
USK,axlUSDC,ATOM,OSMO,axlUSDC,USK
KUJI,axlUSDC,ATOM,OSMO,axlUSDC,KUJI
KUJI,axlUSDC,ATOM,OSMO,USK,KUJI
SCRT,axlUSDC,ATOM,OSMO,axlUSDC,SCRT
SCRT,axlUSDC,ATOM,OSMO,USK,SCRT
EVMOS,axlUSDC,ATOM,OSMO,axlUSDC,EVMOS
CMDX,axlUSDC,ATOM,OSMO,axlUSDC,CMDX
JUNO,axlUSDC,ATOM,OSMO,axlUSDC,JUNO
JUNO,axlUSDC,ATOM,OSMO,USK,JUNO
gPAXG,axlUSDC,ATOM,OSMO,axlUSDC,gPAXG
gPAXG,axlUSDC,ATOM,OSMO,USK,gPAXG
DOT,axlUSDC,ATOM,OSMO,axlUSDC,DOT
DOT,axlUSDC,ATOM,OSMO,USK,DOT
wAVAX,axlUSDC,ATOM,OSMO,USK,wAVAX
wBNB,axlUSDC,ATOM,OSMO,axlUSDC,wBNB
wBNB,axlUSDC,ATOM,OSMO,USK,wBNB
LOOP,axlUSDC,ATOM,OSMO,axlUSDC,LOOP
LOOP,axlUSDC,ATOM,OSMO,USK,LOOP
STARS,axlUSDC,ATOM,OSMO,axlUSDC,STARS
STARS,axlUSDC,ATOM,OSMO,USK,STARS
wETH,axlUSDC,ATOM,OSMO,axlUSDC,wETH
wETH,axlUSDC,ATOM,OSMO,USK,wETH
LUNA,axlUSDC,ATOM,OSMO,axlUSDC,LUNA
LUNA,axlUSDC,ATOM,OSMO,USK,LUNA
KUJI,axlUSDC,ATOM,USK,LUNA,KUJI
KUJI,axlUSDC,ATOM,USK,axlUSDC,KUJI
SCRT,axlUSDC,ATOM,USK,axlUSDC,SCRT
EVMOS,axlUSDC,ATOM,USK,axlUSDC,EVMOS
CMDX,axlUSDC,ATOM,USK,axlUSDC,CMDX
JUNO,axlUSDC,ATOM,USK,axlUSDC,JUNO
gPAXG,axlUSDC,ATOM,USK,axlUSDC,gPAXG
DOT,axlUSDC,ATOM,USK,axlUSDC,DOT
wBNB,axlUSDC,ATOM,USK,axlUSDC,wBNB
OSMO,axlUSDC,ATOM,USK,axlUSDC,OSMO
LOOP,axlUSDC,ATOM,USK,axlUSDC,LOOP
STARS,axlUSDC,ATOM,USK,axlUSDC,STARS
wETH,axlUSDC,ATOM,USK,axlUSDC,wETH
LUNA,axlUSDC,ATOM,USK,axlUSDC,LUNA
LUNA,axlUSDC,ATOM,USK,KUJI,LUNA
KUJI,axlUSDC,CMDX,USK,LUNA,KUJI
KUJI,axlUSDC,CMDX,USK,ATOM,KUJI
KUJI,axlUSDC,CMDX,USK,axlUSDC,KUJI
SCRT,axlUSDC,CMDX,USK,axlUSDC,SCRT
EVMOS,axlUSDC,CMDX,USK,axlUSDC,EVMOS
JUNO,axlUSDC,CMDX,USK,axlUSDC,JUNO
gPAXG,axlUSDC,CMDX,USK,axlUSDC,gPAXG
DOT,axlUSDC,CMDX,USK,axlUSDC,DOT
wBNB,axlUSDC,CMDX,USK,axlUSDC,wBNB
ATOM,axlUSDC,CMDX,USK,axlUSDC,ATOM
ATOM,axlUSDC,CMDX,USK,OSMO,ATOM
ATOM,axlUSDC,CMDX,USK,KUJI,ATOM
OSMO,axlUSDC,CMDX,USK,ATOM,OSMO
OSMO,axlUSDC,CMDX,USK,axlUSDC,OSMO
LOOP,axlUSDC,CMDX,USK,axlUSDC,LOOP
STARS,axlUSDC,CMDX,USK,axlUSDC,STARS
wETH,axlUSDC,CMDX,USK,axlUSDC,wETH
LUNA,axlUSDC,CMDX,USK,axlUSDC,LUNA
LUNA,axlUSDC,CMDX,USK,KUJI,LUNA
USK,axlUSDC,LUNA,KUJI,ATOM,USK
USK,axlUSDC,LUNA,KUJI,axlUSDC,USK
SCRT,axlUSDC,LUNA,KUJI,axlUSDC,SCRT
SCRT,axlUSDC,LUNA,KUJI,USK,SCRT
EVMOS,axlUSDC,LUNA,KUJI,axlUSDC,EVMOS
CMDX,axlUSDC,LUNA,KUJI,axlUSDC,CMDX
JUNO,axlUSDC,LUNA,KUJI,axlUSDC,JUNO
JUNO,axlUSDC,LUNA,KUJI,USK,JUNO
gPAXG,axlUSDC,LUNA,KUJI,axlUSDC,gPAXG
gPAXG,axlUSDC,LUNA,KUJI,USK,gPAXG
DOT,axlUSDC,LUNA,KUJI,axlUSDC,DOT
DOT,axlUSDC,LUNA,KUJI,USK,DOT
wAVAX,axlUSDC,LUNA,KUJI,USK,wAVAX
wBNB,axlUSDC,LUNA,KUJI,axlUSDC,wBNB
wBNB,axlUSDC,LUNA,KUJI,USK,wBNB
ATOM,axlUSDC,LUNA,KUJI,axlUSDC,ATOM
ATOM,axlUSDC,LUNA,KUJI,LP KUJI-ATOM,ATOM
ATOM,axlUSDC,LUNA,KUJI,USK,ATOM
OSMO,axlUSDC,LUNA,KUJI,ATOM,OSMO
OSMO,axlUSDC,LUNA,KUJI,axlUSDC,OSMO
OSMO,axlUSDC,LUNA,KUJI,USK,OSMO
LOOP,axlUSDC,LUNA,KUJI,axlUSDC,LOOP
LOOP,axlUSDC,LUNA,KUJI,USK,LOOP
STARS,axlUSDC,LUNA,KUJI,axlUSDC,STARS
STARS,axlUSDC,LUNA,KUJI,USK,STARS
wETH,axlUSDC,LUNA,KUJI,axlUSDC,wETH
wETH,axlUSDC,LUNA,KUJI,USK,wETH
KUJI,axlUSDC,LUNA,USK,ATOM,KUJI
KUJI,axlUSDC,LUNA,USK,axlUSDC,KUJI
SCRT,axlUSDC,LUNA,USK,axlUSDC,SCRT
EVMOS,axlUSDC,LUNA,USK,axlUSDC,EVMOS
CMDX,axlUSDC,LUNA,USK,axlUSDC,CMDX
JUNO,axlUSDC,LUNA,USK,axlUSDC,JUNO
gPAXG,axlUSDC,LUNA,USK,axlUSDC,gPAXG
DOT,axlUSDC,LUNA,USK,axlUSDC,DOT
wBNB,axlUSDC,LUNA,USK,axlUSDC,wBNB
ATOM,axlUSDC,LUNA,USK,axlUSDC,ATOM
ATOM,axlUSDC,LUNA,USK,OSMO,ATOM
ATOM,axlUSDC,LUNA,USK,KUJI,ATOM
OSMO,axlUSDC,LUNA,USK,ATOM,OSMO
OSMO,axlUSDC,LUNA,USK,axlUSDC,OSMO
LOOP,axlUSDC,LUNA,USK,axlUSDC,LOOP
STARS,axlUSDC,LUNA,USK,axlUSDC,STARS
wETH,axlUSDC,LUNA,USK,axlUSDC,wETH
KUJI,axlUSDC,LOOP,USK,LUNA,KUJI
KUJI,axlUSDC,LOOP,USK,ATOM,KUJI
KUJI,axlUSDC,LOOP,USK,axlUSDC,KUJI
SCRT,axlUSDC,LOOP,USK,axlUSDC,SCRT
EVMOS,axlUSDC,LOOP,USK,axlUSDC,EVMOS
CMDX,axlUSDC,LOOP,USK,axlUSDC,CMDX
JUNO,axlUSDC,LOOP,USK,axlUSDC,JUNO
gPAXG,axlUSDC,LOOP,USK,axlUSDC,gPAXG
DOT,axlUSDC,LOOP,USK,axlUSDC,DOT
wBNB,axlUSDC,LOOP,USK,axlUSDC,wBNB
ATOM,axlUSDC,LOOP,USK,axlUSDC,ATOM
ATOM,axlUSDC,LOOP,USK,OSMO,ATOM
ATOM,axlUSDC,LOOP,USK,KUJI,ATOM
OSMO,axlUSDC,LOOP,USK,ATOM,OSMO
OSMO,axlUSDC,LOOP,USK,axlUSDC,OSMO
STARS,axlUSDC,LOOP,USK,axlUSDC,STARS
wETH,axlUSDC,LOOP,USK,axlUSDC,wETH
LUNA,axlUSDC,LOOP,USK,axlUSDC,LUNA
LUNA,axlUSDC,LOOP,USK,KUJI,LUNA
USK,axlUSDC,OSMO,ATOM,axlUSDC,USK
USK,axlUSDC,OSMO,ATOM,KUJI,USK
KUJI,axlUSDC,OSMO,ATOM,axlUSDC,KUJI
KUJI,axlUSDC,OSMO,ATOM,USK,KUJI
SCRT,axlUSDC,OSMO,ATOM,axlUSDC,SCRT
SCRT,axlUSDC,OSMO,ATOM,USK,SCRT
EVMOS,axlUSDC,OSMO,ATOM,axlUSDC,EVMOS
CMDX,axlUSDC,OSMO,ATOM,axlUSDC,CMDX
JUNO,axlUSDC,OSMO,ATOM,axlUSDC,JUNO
JUNO,axlUSDC,OSMO,ATOM,USK,JUNO
gPAXG,axlUSDC,OSMO,ATOM,axlUSDC,gPAXG
gPAXG,axlUSDC,OSMO,ATOM,USK,gPAXG
DOT,axlUSDC,OSMO,ATOM,axlUSDC,DOT
DOT,axlUSDC,OSMO,ATOM,USK,DOT
wAVAX,axlUSDC,OSMO,ATOM,USK,wAVAX
wBNB,axlUSDC,OSMO,ATOM,axlUSDC,wBNB
wBNB,axlUSDC,OSMO,ATOM,USK,wBNB
LOOP,axlUSDC,OSMO,ATOM,axlUSDC,LOOP
LOOP,axlUSDC,OSMO,ATOM,USK,LOOP
STARS,axlUSDC,OSMO,ATOM,axlUSDC,STARS
STARS,axlUSDC,OSMO,ATOM,USK,STARS
wETH,axlUSDC,OSMO,ATOM,axlUSDC,wETH
wETH,axlUSDC,OSMO,ATOM,USK,wETH
LUNA,axlUSDC,OSMO,ATOM,axlUSDC,LUNA
LUNA,axlUSDC,OSMO,ATOM,KUJI,LUNA
LUNA,axlUSDC,OSMO,ATOM,USK,LUNA
KUJI,axlUSDC,OSMO,USK,LUNA,KUJI
KUJI,axlUSDC,OSMO,USK,ATOM,KUJI
KUJI,axlUSDC,OSMO,USK,axlUSDC,KUJI
SCRT,axlUSDC,OSMO,USK,axlUSDC,SCRT
EVMOS,axlUSDC,OSMO,USK,axlUSDC,EVMOS
CMDX,axlUSDC,OSMO,USK,axlUSDC,CMDX
JUNO,axlUSDC,OSMO,USK,axlUSDC,JUNO
gPAXG,axlUSDC,OSMO,USK,axlUSDC,gPAXG
DOT,axlUSDC,OSMO,USK,axlUSDC,DOT
wBNB,axlUSDC,OSMO,USK,axlUSDC,wBNB
ATOM,axlUSDC,OSMO,USK,axlUSDC,ATOM
ATOM,axlUSDC,OSMO,USK,KUJI,ATOM
LOOP,axlUSDC,OSMO,USK,axlUSDC,LOOP
STARS,axlUSDC,OSMO,USK,axlUSDC,STARS
wETH,axlUSDC,OSMO,USK,axlUSDC,wETH
LUNA,axlUSDC,OSMO,USK,axlUSDC,LUNA
LUNA,axlUSDC,OSMO,USK,KUJI,LUNA
KUJI,axlUSDC,wBNB,USK,LUNA,KUJI
KUJI,axlUSDC,wBNB,USK,ATOM,KUJI
KUJI,axlUSDC,wBNB,USK,axlUSDC,KUJI
SCRT,axlUSDC,wBNB,USK,axlUSDC,SCRT
EVMOS,axlUSDC,wBNB,USK,axlUSDC,EVMOS
CMDX,axlUSDC,wBNB,USK,axlUSDC,CMDX
JUNO,axlUSDC,wBNB,USK,axlUSDC,JUNO
gPAXG,axlUSDC,wBNB,USK,axlUSDC,gPAXG
DOT,axlUSDC,wBNB,USK,axlUSDC,DOT
ATOM,axlUSDC,wBNB,USK,axlUSDC,ATOM
ATOM,axlUSDC,wBNB,USK,OSMO,ATOM
ATOM,axlUSDC,wBNB,USK,KUJI,ATOM
OSMO,axlUSDC,wBNB,USK,ATOM,OSMO
OSMO,axlUSDC,wBNB,USK,axlUSDC,OSMO
LOOP,axlUSDC,wBNB,USK,axlUSDC,LOOP
STARS,axlUSDC,wBNB,USK,axlUSDC,STARS
wETH,axlUSDC,wBNB,USK,axlUSDC,wETH
LUNA,axlUSDC,wBNB,USK,axlUSDC,LUNA
LUNA,axlUSDC,wBNB,USK,KUJI,LUNA
KUJI,axlUSDC,STARS,USK,LUNA,KUJI
KUJI,axlUSDC,STARS,USK,ATOM,KUJI
KUJI,axlUSDC,STARS,USK,axlUSDC,KUJI
SCRT,axlUSDC,STARS,USK,axlUSDC,SCRT
EVMOS,axlUSDC,STARS,USK,axlUSDC,EVMOS
CMDX,axlUSDC,STARS,USK,axlUSDC,CMDX
JUNO,axlUSDC,STARS,USK,axlUSDC,JUNO
gPAXG,axlUSDC,STARS,USK,axlUSDC,gPAXG
DOT,axlUSDC,STARS,USK,axlUSDC,DOT
wBNB,axlUSDC,STARS,USK,axlUSDC,wBNB
ATOM,axlUSDC,STARS,USK,axlUSDC,ATOM
ATOM,axlUSDC,STARS,USK,OSMO,ATOM
ATOM,axlUSDC,STARS,USK,KUJI,ATOM
OSMO,axlUSDC,STARS,USK,ATOM,OSMO
OSMO,axlUSDC,STARS,USK,axlUSDC,OSMO
LOOP,axlUSDC,STARS,USK,axlUSDC,LOOP
wETH,axlUSDC,STARS,USK,axlUSDC,wETH
LUNA,axlUSDC,STARS,USK,axlUSDC,LUNA
LUNA,axlUSDC,STARS,USK,KUJI,LUNA
KUJI,axlUSDC,wETH,USK,LUNA,KUJI
KUJI,axlUSDC,wETH,USK,ATOM,KUJI
KUJI,axlUSDC,wETH,USK,axlUSDC,KUJI
SCRT,axlUSDC,wETH,USK,axlUSDC,SCRT
EVMOS,axlUSDC,wETH,USK,axlUSDC,EVMOS
CMDX,axlUSDC,wETH,USK,axlUSDC,CMDX
JUNO,axlUSDC,wETH,USK,axlUSDC,JUNO
gPAXG,axlUSDC,wETH,USK,axlUSDC,gPAXG
DOT,axlUSDC,wETH,USK,axlUSDC,DOT
wBNB,axlUSDC,wETH,USK,axlUSDC,wBNB
ATOM,axlUSDC,wETH,USK,axlUSDC,ATOM
ATOM,axlUSDC,wETH,USK,OSMO,ATOM
ATOM,axlUSDC,wETH,USK,KUJI,ATOM
OSMO,axlUSDC,wETH,USK,ATOM,OSMO
OSMO,axlUSDC,wETH,USK,axlUSDC,OSMO
LOOP,axlUSDC,wETH,USK,axlUSDC,LOOP
STARS,axlUSDC,wETH,USK,axlUSDC,STARS
LUNA,axlUSDC,wETH,USK,axlUSDC,LUNA
LUNA,axlUSDC,wETH,USK,KUJI,LUNA
KUJI,axlUSDC,JUNO,USK,LUNA,KUJI
KUJI,axlUSDC,JUNO,USK,ATOM,KUJI
KUJI,axlUSDC,JUNO,USK,axlUSDC,KUJI
SCRT,axlUSDC,JUNO,USK,axlUSDC,SCRT
EVMOS,axlUSDC,JUNO,USK,axlUSDC,EVMOS
CMDX,axlUSDC,JUNO,USK,axlUSDC,CMDX
gPAXG,axlUSDC,JUNO,USK,axlUSDC,gPAXG
DOT,axlUSDC,JUNO,USK,axlUSDC,DOT
wBNB,axlUSDC,JUNO,USK,axlUSDC,wBNB
ATOM,axlUSDC,JUNO,USK,axlUSDC,ATOM
ATOM,axlUSDC,JUNO,USK,OSMO,ATOM
ATOM,axlUSDC,JUNO,USK,KUJI,ATOM
OSMO,axlUSDC,JUNO,USK,ATOM,OSMO
OSMO,axlUSDC,JUNO,USK,axlUSDC,OSMO
LOOP,axlUSDC,JUNO,USK,axlUSDC,LOOP
STARS,axlUSDC,JUNO,USK,axlUSDC,STARS
wETH,axlUSDC,JUNO,USK,axlUSDC,wETH
LUNA,axlUSDC,JUNO,USK,axlUSDC,LUNA
LUNA,axlUSDC,JUNO,USK,KUJI,LUNA
KUJI,axlUSDC,DOT,USK,LUNA,KUJI
KUJI,axlUSDC,DOT,USK,ATOM,KUJI
KUJI,axlUSDC,DOT,USK,axlUSDC,KUJI
SCRT,axlUSDC,DOT,USK,axlUSDC,SCRT
EVMOS,axlUSDC,DOT,USK,axlUSDC,EVMOS
CMDX,axlUSDC,DOT,USK,axlUSDC,CMDX
JUNO,axlUSDC,DOT,USK,axlUSDC,JUNO
gPAXG,axlUSDC,DOT,USK,axlUSDC,gPAXG
wBNB,axlUSDC,DOT,USK,axlUSDC,wBNB
ATOM,axlUSDC,DOT,USK,axlUSDC,ATOM
ATOM,axlUSDC,DOT,USK,OSMO,ATOM
ATOM,axlUSDC,DOT,USK,KUJI,ATOM
OSMO,axlUSDC,DOT,USK,ATOM,OSMO
OSMO,axlUSDC,DOT,USK,axlUSDC,OSMO
LOOP,axlUSDC,DOT,USK,axlUSDC,LOOP
STARS,axlUSDC,DOT,USK,axlUSDC,STARS
wETH,axlUSDC,DOT,USK,axlUSDC,wETH
LUNA,axlUSDC,DOT,USK,axlUSDC,LUNA
LUNA,axlUSDC,DOT,USK,KUJI,LUNA
KUJI,axlUSDC,gPAXG,USK,LUNA,KUJI
KUJI,axlUSDC,gPAXG,USK,ATOM,KUJI
KUJI,axlUSDC,gPAXG,USK,axlUSDC,KUJI
SCRT,axlUSDC,gPAXG,USK,axlUSDC,SCRT
EVMOS,axlUSDC,gPAXG,USK,axlUSDC,EVMOS
CMDX,axlUSDC,gPAXG,USK,axlUSDC,CMDX
JUNO,axlUSDC,gPAXG,USK,axlUSDC,JUNO
DOT,axlUSDC,gPAXG,USK,axlUSDC,DOT
wBNB,axlUSDC,gPAXG,USK,axlUSDC,wBNB
ATOM,axlUSDC,gPAXG,USK,axlUSDC,ATOM
ATOM,axlUSDC,gPAXG,USK,OSMO,ATOM
ATOM,axlUSDC,gPAXG,USK,KUJI,ATOM
OSMO,axlUSDC,gPAXG,USK,ATOM,OSMO
OSMO,axlUSDC,gPAXG,USK,axlUSDC,OSMO
LOOP,axlUSDC,gPAXG,USK,axlUSDC,LOOP
STARS,axlUSDC,gPAXG,USK,axlUSDC,STARS
wETH,axlUSDC,gPAXG,USK,axlUSDC,wETH
LUNA,axlUSDC,gPAXG,USK,axlUSDC,LUNA
LUNA,axlUSDC,gPAXG,USK,KUJI,LUNA
KUJI,axlUSDC,USK,JUNO,axlUSDC,KUJI
SCRT,axlUSDC,USK,JUNO,axlUSDC,SCRT
EVMOS,axlUSDC,USK,JUNO,axlUSDC,EVMOS
CMDX,axlUSDC,USK,JUNO,axlUSDC,CMDX
gPAXG,axlUSDC,USK,JUNO,axlUSDC,gPAXG
DOT,axlUSDC,USK,JUNO,axlUSDC,DOT
wBNB,axlUSDC,USK,JUNO,axlUSDC,wBNB
ATOM,axlUSDC,USK,JUNO,axlUSDC,ATOM
OSMO,axlUSDC,USK,JUNO,axlUSDC,OSMO
LOOP,axlUSDC,USK,JUNO,axlUSDC,LOOP
STARS,axlUSDC,USK,JUNO,axlUSDC,STARS
wETH,axlUSDC,USK,JUNO,axlUSDC,wETH
LUNA,axlUSDC,USK,JUNO,axlUSDC,LUNA
SCRT,axlUSDC,USK,KUJI,axlUSDC,SCRT
EVMOS,axlUSDC,USK,KUJI,axlUSDC,EVMOS
CMDX,axlUSDC,USK,KUJI,axlUSDC,CMDX
JUNO,axlUSDC,USK,KUJI,axlUSDC,JUNO
gPAXG,axlUSDC,USK,KUJI,axlUSDC,gPAXG
DOT,axlUSDC,USK,KUJI,axlUSDC,DOT
wBNB,axlUSDC,USK,KUJI,axlUSDC,wBNB
ATOM,axlUSDC,USK,KUJI,axlUSDC,ATOM
ATOM,axlUSDC,USK,KUJI,LP KUJI-ATOM,ATOM
OSMO,axlUSDC,USK,KUJI,ATOM,OSMO
OSMO,axlUSDC,USK,KUJI,axlUSDC,OSMO
LOOP,axlUSDC,USK,KUJI,axlUSDC,LOOP
STARS,axlUSDC,USK,KUJI,axlUSDC,STARS
wETH,axlUSDC,USK,KUJI,axlUSDC,wETH
LUNA,axlUSDC,USK,KUJI,axlUSDC,LUNA
KUJI,axlUSDC,USK,wAVAX,axlUSDC,KUJI
SCRT,axlUSDC,USK,wAVAX,axlUSDC,SCRT
EVMOS,axlUSDC,USK,wAVAX,axlUSDC,EVMOS
CMDX,axlUSDC,USK,wAVAX,axlUSDC,CMDX
JUNO,axlUSDC,USK,wAVAX,axlUSDC,JUNO
gPAXG,axlUSDC,USK,wAVAX,axlUSDC,gPAXG
DOT,axlUSDC,USK,wAVAX,axlUSDC,DOT
wBNB,axlUSDC,USK,wAVAX,axlUSDC,wBNB
ATOM,axlUSDC,USK,wAVAX,axlUSDC,ATOM
OSMO,axlUSDC,USK,wAVAX,axlUSDC,OSMO
LOOP,axlUSDC,USK,wAVAX,axlUSDC,LOOP
STARS,axlUSDC,USK,wAVAX,axlUSDC,STARS
wETH,axlUSDC,USK,wAVAX,axlUSDC,wETH
LUNA,axlUSDC,USK,wAVAX,axlUSDC,LUNA
KUJI,axlUSDC,USK,LUNA,axlUSDC,KUJI
SCRT,axlUSDC,USK,LUNA,axlUSDC,SCRT
EVMOS,axlUSDC,USK,LUNA,axlUSDC,EVMOS
CMDX,axlUSDC,USK,LUNA,axlUSDC,CMDX
JUNO,axlUSDC,USK,LUNA,axlUSDC,JUNO
gPAXG,axlUSDC,USK,LUNA,axlUSDC,gPAXG
DOT,axlUSDC,USK,LUNA,axlUSDC,DOT
wBNB,axlUSDC,USK,LUNA,axlUSDC,wBNB
ATOM,axlUSDC,USK,LUNA,axlUSDC,ATOM
ATOM,axlUSDC,USK,LUNA,KUJI,ATOM
OSMO,axlUSDC,USK,LUNA,axlUSDC,OSMO
LOOP,axlUSDC,USK,LUNA,axlUSDC,LOOP
STARS,axlUSDC,USK,LUNA,axlUSDC,STARS
wETH,axlUSDC,USK,LUNA,axlUSDC,wETH
KUJI,axlUSDC,USK,wETH,axlUSDC,KUJI
SCRT,axlUSDC,USK,wETH,axlUSDC,SCRT
EVMOS,axlUSDC,USK,wETH,axlUSDC,EVMOS
CMDX,axlUSDC,USK,wETH,axlUSDC,CMDX
JUNO,axlUSDC,USK,wETH,axlUSDC,JUNO
gPAXG,axlUSDC,USK,wETH,axlUSDC,gPAXG
DOT,axlUSDC,USK,wETH,axlUSDC,DOT
wBNB,axlUSDC,USK,wETH,axlUSDC,wBNB
ATOM,axlUSDC,USK,wETH,axlUSDC,ATOM
OSMO,axlUSDC,USK,wETH,axlUSDC,OSMO
LOOP,axlUSDC,USK,wETH,axlUSDC,LOOP
STARS,axlUSDC,USK,wETH,axlUSDC,STARS
LUNA,axlUSDC,USK,wETH,axlUSDC,LUNA
KUJI,axlUSDC,USK,DOT,axlUSDC,KUJI
SCRT,axlUSDC,USK,DOT,axlUSDC,SCRT
EVMOS,axlUSDC,USK,DOT,axlUSDC,EVMOS
CMDX,axlUSDC,USK,DOT,axlUSDC,CMDX
JUNO,axlUSDC,USK,DOT,axlUSDC,JUNO
gPAXG,axlUSDC,USK,DOT,axlUSDC,gPAXG
wBNB,axlUSDC,USK,DOT,axlUSDC,wBNB
ATOM,axlUSDC,USK,DOT,axlUSDC,ATOM
OSMO,axlUSDC,USK,DOT,axlUSDC,OSMO
LOOP,axlUSDC,USK,DOT,axlUSDC,LOOP
STARS,axlUSDC,USK,DOT,axlUSDC,STARS
wETH,axlUSDC,USK,DOT,axlUSDC,wETH
LUNA,axlUSDC,USK,DOT,axlUSDC,LUNA
KUJI,axlUSDC,USK,ATOM,axlUSDC,KUJI
SCRT,axlUSDC,USK,ATOM,axlUSDC,SCRT
EVMOS,axlUSDC,USK,ATOM,axlUSDC,EVMOS
CMDX,axlUSDC,USK,ATOM,axlUSDC,CMDX
JUNO,axlUSDC,USK,ATOM,axlUSDC,JUNO
gPAXG,axlUSDC,USK,ATOM,axlUSDC,gPAXG
DOT,axlUSDC,USK,ATOM,axlUSDC,DOT
wBNB,axlUSDC,USK,ATOM,axlUSDC,wBNB
OSMO,axlUSDC,USK,ATOM,axlUSDC,OSMO
LOOP,axlUSDC,USK,ATOM,axlUSDC,LOOP
STARS,axlUSDC,USK,ATOM,axlUSDC,STARS
wETH,axlUSDC,USK,ATOM,axlUSDC,wETH
LUNA,axlUSDC,USK,ATOM,axlUSDC,LUNA
LUNA,axlUSDC,USK,ATOM,KUJI,LUNA
KUJI,axlUSDC,USK,wBNB,axlUSDC,KUJI
SCRT,axlUSDC,USK,wBNB,axlUSDC,SCRT
EVMOS,axlUSDC,USK,wBNB,axlUSDC,EVMOS
CMDX,axlUSDC,USK,wBNB,axlUSDC,CMDX
JUNO,axlUSDC,USK,wBNB,axlUSDC,JUNO
gPAXG,axlUSDC,USK,wBNB,axlUSDC,gPAXG
DOT,axlUSDC,USK,wBNB,axlUSDC,DOT
ATOM,axlUSDC,USK,wBNB,axlUSDC,ATOM
OSMO,axlUSDC,USK,wBNB,axlUSDC,OSMO
LOOP,axlUSDC,USK,wBNB,axlUSDC,LOOP
STARS,axlUSDC,USK,wBNB,axlUSDC,STARS
wETH,axlUSDC,USK,wBNB,axlUSDC,wETH
LUNA,axlUSDC,USK,wBNB,axlUSDC,LUNA
KUJI,axlUSDC,USK,STARS,axlUSDC,KUJI
SCRT,axlUSDC,USK,STARS,axlUSDC,SCRT
EVMOS,axlUSDC,USK,STARS,axlUSDC,EVMOS
CMDX,axlUSDC,USK,STARS,axlUSDC,CMDX
JUNO,axlUSDC,USK,STARS,axlUSDC,JUNO
gPAXG,axlUSDC,USK,STARS,axlUSDC,gPAXG
DOT,axlUSDC,USK,STARS,axlUSDC,DOT
wBNB,axlUSDC,USK,STARS,axlUSDC,wBNB
ATOM,axlUSDC,USK,STARS,axlUSDC,ATOM
OSMO,axlUSDC,USK,STARS,axlUSDC,OSMO
LOOP,axlUSDC,USK,STARS,axlUSDC,LOOP
wETH,axlUSDC,USK,STARS,axlUSDC,wETH
LUNA,axlUSDC,USK,STARS,axlUSDC,LUNA
KUJI,axlUSDC,USK,SCRT,axlUSDC,KUJI
EVMOS,axlUSDC,USK,SCRT,axlUSDC,EVMOS
CMDX,axlUSDC,USK,SCRT,axlUSDC,CMDX
JUNO,axlUSDC,USK,SCRT,axlUSDC,JUNO
gPAXG,axlUSDC,USK,SCRT,axlUSDC,gPAXG
DOT,axlUSDC,USK,SCRT,axlUSDC,DOT
wBNB,axlUSDC,USK,SCRT,axlUSDC,wBNB
ATOM,axlUSDC,USK,SCRT,axlUSDC,ATOM
OSMO,axlUSDC,USK,SCRT,axlUSDC,OSMO
LOOP,axlUSDC,USK,SCRT,axlUSDC,LOOP
STARS,axlUSDC,USK,SCRT,axlUSDC,STARS
wETH,axlUSDC,USK,SCRT,axlUSDC,wETH
LUNA,axlUSDC,USK,SCRT,axlUSDC,LUNA
KUJI,axlUSDC,USK,LOOP,axlUSDC,KUJI
SCRT,axlUSDC,USK,LOOP,axlUSDC,SCRT
EVMOS,axlUSDC,USK,LOOP,axlUSDC,EVMOS
CMDX,axlUSDC,USK,LOOP,axlUSDC,CMDX
JUNO,axlUSDC,USK,LOOP,axlUSDC,JUNO
gPAXG,axlUSDC,USK,LOOP,axlUSDC,gPAXG
DOT,axlUSDC,USK,LOOP,axlUSDC,DOT
wBNB,axlUSDC,USK,LOOP,axlUSDC,wBNB
ATOM,axlUSDC,USK,LOOP,axlUSDC,ATOM
OSMO,axlUSDC,USK,LOOP,axlUSDC,OSMO
STARS,axlUSDC,USK,LOOP,axlUSDC,STARS
wETH,axlUSDC,USK,LOOP,axlUSDC,wETH
LUNA,axlUSDC,USK,LOOP,axlUSDC,LUNA
KUJI,axlUSDC,USK,OSMO,ATOM,KUJI
KUJI,axlUSDC,USK,OSMO,axlUSDC,KUJI
SCRT,axlUSDC,USK,OSMO,axlUSDC,SCRT
EVMOS,axlUSDC,USK,OSMO,axlUSDC,EVMOS
CMDX,axlUSDC,USK,OSMO,axlUSDC,CMDX
JUNO,axlUSDC,USK,OSMO,axlUSDC,JUNO
gPAXG,axlUSDC,USK,OSMO,axlUSDC,gPAXG
DOT,axlUSDC,USK,OSMO,axlUSDC,DOT
wBNB,axlUSDC,USK,OSMO,axlUSDC,wBNB
ATOM,axlUSDC,USK,OSMO,axlUSDC,ATOM
LOOP,axlUSDC,USK,OSMO,axlUSDC,LOOP
STARS,axlUSDC,USK,OSMO,axlUSDC,STARS
wETH,axlUSDC,USK,OSMO,axlUSDC,wETH
LUNA,axlUSDC,USK,OSMO,axlUSDC,LUNA
KUJI,axlUSDC,USK,gPAXG,axlUSDC,KUJI
SCRT,axlUSDC,USK,gPAXG,axlUSDC,SCRT
EVMOS,axlUSDC,USK,gPAXG,axlUSDC,EVMOS
CMDX,axlUSDC,USK,gPAXG,axlUSDC,CMDX
JUNO,axlUSDC,USK,gPAXG,axlUSDC,JUNO
DOT,axlUSDC,USK,gPAXG,axlUSDC,DOT
wBNB,axlUSDC,USK,gPAXG,axlUSDC,wBNB
ATOM,axlUSDC,USK,gPAXG,axlUSDC,ATOM
OSMO,axlUSDC,USK,gPAXG,axlUSDC,OSMO
LOOP,axlUSDC,USK,gPAXG,axlUSDC,LOOP
STARS,axlUSDC,USK,gPAXG,axlUSDC,STARS
wETH,axlUSDC,USK,gPAXG,axlUSDC,wETH
LUNA,axlUSDC,USK,gPAXG,axlUSDC,LUNA
axlUSDC,LOOP,USK,KUJI,LUNA,axlUSDC
axlUSDC,LOOP,USK,KUJI,ATOM,axlUSDC
axlUSDC,LOOP,USK,LUNA,KUJI,axlUSDC
axlUSDC,LOOP,USK,ATOM,OSMO,axlUSDC
axlUSDC,LOOP,USK,ATOM,KUJI,axlUSDC
axlUSDC,LOOP,USK,OSMO,ATOM,axlUSDC
USK,LOOP,axlUSDC,KUJI,LUNA,USK
USK,LOOP,axlUSDC,KUJI,ATOM,USK
USK,LOOP,axlUSDC,ATOM,OSMO,USK
USK,LOOP,axlUSDC,ATOM,KUJI,USK
USK,LOOP,axlUSDC,LUNA,KUJI,USK
USK,LOOP,axlUSDC,OSMO,ATOM,USK
axlUSDC,OSMO,ATOM,KUJI,LUNA,axlUSDC
axlUSDC,OSMO,ATOM,KUJI,USK,axlUSDC
USK,OSMO,ATOM,KUJI,LUNA,USK
USK,OSMO,ATOM,KUJI,axlUSDC,USK
USK,OSMO,ATOM,axlUSDC,LUNA,USK
USK,OSMO,ATOM,axlUSDC,wETH,USK
USK,OSMO,ATOM,axlUSDC,STARS,USK
USK,OSMO,ATOM,axlUSDC,gPAXG,USK
USK,OSMO,ATOM,axlUSDC,LOOP,USK
USK,OSMO,ATOM,axlUSDC,OSMO,USK
USK,OSMO,ATOM,axlUSDC,wBNB,USK
USK,OSMO,ATOM,axlUSDC,KUJI,USK
USK,OSMO,ATOM,axlUSDC,SCRT,USK
USK,OSMO,ATOM,axlUSDC,DOT,USK
USK,OSMO,ATOM,axlUSDC,CMDX,USK
USK,OSMO,ATOM,axlUSDC,JUNO,USK
axlUSDC,OSMO,ATOM,USK,wAVAX,axlUSDC
axlUSDC,OSMO,ATOM,USK,LUNA,axlUSDC
axlUSDC,OSMO,ATOM,USK,wETH,axlUSDC
axlUSDC,OSMO,ATOM,USK,STARS,axlUSDC
axlUSDC,OSMO,ATOM,USK,gPAXG,axlUSDC
axlUSDC,OSMO,ATOM,USK,LOOP,axlUSDC
axlUSDC,OSMO,ATOM,USK,OSMO,axlUSDC
axlUSDC,OSMO,ATOM,USK,wBNB,axlUSDC
axlUSDC,OSMO,ATOM,USK,KUJI,axlUSDC
axlUSDC,OSMO,ATOM,USK,SCRT,axlUSDC
axlUSDC,OSMO,ATOM,USK,DOT,axlUSDC
axlUSDC,OSMO,ATOM,USK,JUNO,axlUSDC
ATOM,OSMO,USK,JUNO,axlUSDC,ATOM
axlUSDC,OSMO,USK,KUJI,LUNA,axlUSDC
axlUSDC,OSMO,USK,KUJI,ATOM,axlUSDC
ATOM,OSMO,USK,KUJI,axlUSDC,ATOM
ATOM,OSMO,USK,KUJI,LP KUJI-ATOM,ATOM
ATOM,OSMO,USK,wAVAX,axlUSDC,ATOM
axlUSDC,OSMO,USK,LUNA,KUJI,axlUSDC
ATOM,OSMO,USK,LUNA,axlUSDC,ATOM
ATOM,OSMO,USK,LUNA,KUJI,ATOM
ATOM,OSMO,USK,wETH,axlUSDC,ATOM
ATOM,OSMO,USK,DOT,axlUSDC,ATOM
axlUSDC,OSMO,USK,ATOM,OSMO,axlUSDC
axlUSDC,OSMO,USK,ATOM,KUJI,axlUSDC
ATOM,OSMO,USK,axlUSDC,OSMO,ATOM
ATOM,OSMO,USK,axlUSDC,KUJI,ATOM
ATOM,OSMO,USK,wBNB,axlUSDC,ATOM
ATOM,OSMO,USK,STARS,axlUSDC,ATOM
ATOM,OSMO,USK,SCRT,axlUSDC,ATOM
ATOM,OSMO,USK,LOOP,axlUSDC,ATOM
ATOM,OSMO,USK,gPAXG,axlUSDC,ATOM
USK,OSMO,axlUSDC,KUJI,LUNA,USK
USK,OSMO,axlUSDC,KUJI,ATOM,USK
ATOM,OSMO,axlUSDC,KUJI,LP KUJI-ATOM,ATOM
ATOM,OSMO,axlUSDC,KUJI,USK,ATOM
ATOM,OSMO,axlUSDC,SCRT,USK,ATOM
USK,OSMO,axlUSDC,ATOM,OSMO,USK
USK,OSMO,axlUSDC,ATOM,KUJI,USK
ATOM,OSMO,axlUSDC,CMDX,USK,ATOM
USK,OSMO,axlUSDC,LUNA,KUJI,USK
ATOM,OSMO,axlUSDC,LUNA,KUJI,ATOM
ATOM,OSMO,axlUSDC,LUNA,USK,ATOM
ATOM,OSMO,axlUSDC,LOOP,USK,ATOM
ATOM,OSMO,axlUSDC,wBNB,USK,ATOM
ATOM,OSMO,axlUSDC,STARS,USK,ATOM
ATOM,OSMO,axlUSDC,wETH,USK,ATOM
ATOM,OSMO,axlUSDC,JUNO,USK,ATOM
ATOM,OSMO,axlUSDC,DOT,USK,ATOM
ATOM,OSMO,axlUSDC,gPAXG,USK,ATOM
ATOM,OSMO,axlUSDC,USK,OSMO,ATOM
ATOM,OSMO,axlUSDC,USK,KUJI,ATOM
axlUSDC,wBNB,USK,KUJI,LUNA,axlUSDC
axlUSDC,wBNB,USK,KUJI,ATOM,axlUSDC
axlUSDC,wBNB,USK,LUNA,KUJI,axlUSDC
axlUSDC,wBNB,USK,ATOM,OSMO,axlUSDC
axlUSDC,wBNB,USK,ATOM,KUJI,axlUSDC
axlUSDC,wBNB,USK,OSMO,ATOM,axlUSDC
USK,wBNB,axlUSDC,KUJI,LUNA,USK
USK,wBNB,axlUSDC,KUJI,ATOM,USK
USK,wBNB,axlUSDC,ATOM,OSMO,USK
USK,wBNB,axlUSDC,ATOM,KUJI,USK
USK,wBNB,axlUSDC,LUNA,KUJI,USK
USK,wBNB,axlUSDC,OSMO,ATOM,USK
axlUSDC,KUJI,LP KUJI-ATOM,ATOM,OSMO,axlUSDC
axlUSDC,KUJI,LP KUJI-ATOM,ATOM,KUJI,axlUSDC
axlUSDC,KUJI,LP KUJI-ATOM,ATOM,USK,axlUSDC
USK,KUJI,LP KUJI-ATOM,ATOM,axlUSDC,USK
USK,KUJI,LP KUJI-ATOM,ATOM,OSMO,USK
USK,KUJI,LP KUJI-ATOM,ATOM,KUJI,USK
LUNA,KUJI,LP KUJI-ATOM,ATOM,axlUSDC,LUNA
LUNA,KUJI,LP KUJI-ATOM,ATOM,KUJI,LUNA
LUNA,KUJI,LP KUJI-ATOM,ATOM,USK,LUNA
LUNA,KUJI,axlUSDC,SCRT,USK,LUNA
ATOM,KUJI,axlUSDC,SCRT,USK,ATOM
USK,KUJI,axlUSDC,ATOM,OSMO,USK
USK,KUJI,axlUSDC,ATOM,KUJI,USK
LUNA,KUJI,axlUSDC,ATOM,KUJI,LUNA
LUNA,KUJI,axlUSDC,ATOM,USK,LUNA
LP KUJI-ATOM,KUJI,axlUSDC,ATOM,KUJI,LP KUJI-ATOM
LUNA,KUJI,axlUSDC,CMDX,USK,LUNA
ATOM,KUJI,axlUSDC,CMDX,USK,ATOM
USK,KUJI,axlUSDC,LUNA,KUJI,USK
ATOM,KUJI,axlUSDC,LUNA,KUJI,ATOM
ATOM,KUJI,axlUSDC,LUNA,USK,ATOM
LP KUJI-ATOM,KUJI,axlUSDC,LUNA,KUJI,LP KUJI-ATOM
LUNA,KUJI,axlUSDC,LOOP,USK,LUNA
ATOM,KUJI,axlUSDC,LOOP,USK,ATOM
USK,KUJI,axlUSDC,OSMO,ATOM,USK
LUNA,KUJI,axlUSDC,OSMO,USK,LUNA
ATOM,KUJI,axlUSDC,OSMO,USK,ATOM
LUNA,KUJI,axlUSDC,wBNB,USK,LUNA
ATOM,KUJI,axlUSDC,wBNB,USK,ATOM
LUNA,KUJI,axlUSDC,STARS,USK,LUNA
ATOM,KUJI,axlUSDC,STARS,USK,ATOM
LUNA,KUJI,axlUSDC,wETH,USK,LUNA
ATOM,KUJI,axlUSDC,wETH,USK,ATOM
LUNA,KUJI,axlUSDC,JUNO,USK,LUNA
ATOM,KUJI,axlUSDC,JUNO,USK,ATOM
LUNA,KUJI,axlUSDC,DOT,USK,LUNA
ATOM,KUJI,axlUSDC,DOT,USK,ATOM
LUNA,KUJI,axlUSDC,gPAXG,USK,LUNA
ATOM,KUJI,axlUSDC,gPAXG,USK,ATOM
LUNA,KUJI,axlUSDC,USK,KUJI,LUNA
ATOM,KUJI,axlUSDC,USK,OSMO,ATOM
ATOM,KUJI,axlUSDC,USK,KUJI,ATOM
LP KUJI-ATOM,KUJI,axlUSDC,USK,KUJI,LP KUJI-ATOM
LUNA,KUJI,USK,JUNO,axlUSDC,LUNA
ATOM,KUJI,USK,JUNO,axlUSDC,ATOM
LUNA,KUJI,USK,wAVAX,axlUSDC,LUNA
ATOM,KUJI,USK,wAVAX,axlUSDC,ATOM
axlUSDC,KUJI,USK,LUNA,KUJI,axlUSDC
ATOM,KUJI,USK,LUNA,axlUSDC,ATOM
ATOM,KUJI,USK,LUNA,KUJI,ATOM
LP KUJI-ATOM,KUJI,USK,LUNA,KUJI,LP KUJI-ATOM
LUNA,KUJI,USK,wETH,axlUSDC,LUNA
ATOM,KUJI,USK,wETH,axlUSDC,ATOM
LUNA,KUJI,USK,DOT,axlUSDC,LUNA
ATOM,KUJI,USK,DOT,axlUSDC,ATOM
axlUSDC,KUJI,USK,ATOM,OSMO,axlUSDC
axlUSDC,KUJI,USK,ATOM,KUJI,axlUSDC
LUNA,KUJI,USK,ATOM,axlUSDC,LUNA
LUNA,KUJI,USK,ATOM,KUJI,LUNA
LP KUJI-ATOM,KUJI,USK,ATOM,KUJI,LP KUJI-ATOM
LUNA,KUJI,USK,axlUSDC,KUJI,LUNA
ATOM,KUJI,USK,axlUSDC,OSMO,ATOM
ATOM,KUJI,USK,axlUSDC,KUJI,ATOM
LP KUJI-ATOM,KUJI,USK,axlUSDC,KUJI,LP KUJI-ATOM
LUNA,KUJI,USK,wBNB,axlUSDC,LUNA
ATOM,KUJI,USK,wBNB,axlUSDC,ATOM
LUNA,KUJI,USK,STARS,axlUSDC,LUNA
ATOM,KUJI,USK,STARS,axlUSDC,ATOM
LUNA,KUJI,USK,SCRT,axlUSDC,LUNA
ATOM,KUJI,USK,SCRT,axlUSDC,ATOM
LUNA,KUJI,USK,LOOP,axlUSDC,LUNA
ATOM,KUJI,USK,LOOP,axlUSDC,ATOM
axlUSDC,KUJI,USK,OSMO,ATOM,axlUSDC
LUNA,KUJI,USK,OSMO,axlUSDC,LUNA
ATOM,KUJI,USK,OSMO,axlUSDC,ATOM
LUNA,KUJI,USK,gPAXG,axlUSDC,LUNA
ATOM,KUJI,USK,gPAXG,axlUSDC,ATOM
axlUSDC,KUJI,LUNA,USK,wAVAX,axlUSDC
axlUSDC,KUJI,LUNA,USK,wETH,axlUSDC
axlUSDC,KUJI,LUNA,USK,STARS,axlUSDC
axlUSDC,KUJI,LUNA,USK,gPAXG,axlUSDC
axlUSDC,KUJI,LUNA,USK,ATOM,axlUSDC
axlUSDC,KUJI,LUNA,USK,LOOP,axlUSDC
axlUSDC,KUJI,LUNA,USK,OSMO,axlUSDC
axlUSDC,KUJI,LUNA,USK,wBNB,axlUSDC
axlUSDC,KUJI,LUNA,USK,KUJI,axlUSDC
axlUSDC,KUJI,LUNA,USK,SCRT,axlUSDC
axlUSDC,KUJI,LUNA,USK,DOT,axlUSDC
axlUSDC,KUJI,LUNA,USK,JUNO,axlUSDC
ATOM,KUJI,LUNA,USK,axlUSDC,ATOM
ATOM,KUJI,LUNA,USK,OSMO,ATOM
ATOM,KUJI,LUNA,USK,KUJI,ATOM
LP KUJI-ATOM,KUJI,LUNA,USK,KUJI,LP KUJI-ATOM
USK,KUJI,LUNA,axlUSDC,wETH,USK
USK,KUJI,LUNA,axlUSDC,STARS,USK
USK,KUJI,LUNA,axlUSDC,gPAXG,USK
USK,KUJI,LUNA,axlUSDC,ATOM,USK
USK,KUJI,LUNA,axlUSDC,LOOP,USK
USK,KUJI,LUNA,axlUSDC,OSMO,USK
USK,KUJI,LUNA,axlUSDC,wBNB,USK
USK,KUJI,LUNA,axlUSDC,KUJI,USK
USK,KUJI,LUNA,axlUSDC,SCRT,USK
USK,KUJI,LUNA,axlUSDC,DOT,USK
USK,KUJI,LUNA,axlUSDC,CMDX,USK
USK,KUJI,LUNA,axlUSDC,JUNO,USK
ATOM,KUJI,LUNA,axlUSDC,OSMO,ATOM
ATOM,KUJI,LUNA,axlUSDC,KUJI,ATOM
ATOM,KUJI,LUNA,axlUSDC,USK,ATOM
LP KUJI-ATOM,KUJI,LUNA,axlUSDC,KUJI,LP KUJI-ATOM
axlUSDC,KUJI,ATOM,OSMO,USK,axlUSDC
USK,KUJI,ATOM,OSMO,axlUSDC,USK
LUNA,KUJI,ATOM,OSMO,axlUSDC,LUNA
LUNA,KUJI,ATOM,OSMO,USK,LUNA
USK,KUJI,ATOM,axlUSDC,LUNA,USK
USK,KUJI,ATOM,axlUSDC,wETH,USK
USK,KUJI,ATOM,axlUSDC,STARS,USK
USK,KUJI,ATOM,axlUSDC,gPAXG,USK
USK,KUJI,ATOM,axlUSDC,LOOP,USK
USK,KUJI,ATOM,axlUSDC,OSMO,USK
USK,KUJI,ATOM,axlUSDC,wBNB,USK
USK,KUJI,ATOM,axlUSDC,KUJI,USK
USK,KUJI,ATOM,axlUSDC,SCRT,USK
USK,KUJI,ATOM,axlUSDC,DOT,USK
USK,KUJI,ATOM,axlUSDC,CMDX,USK
USK,KUJI,ATOM,axlUSDC,JUNO,USK
LUNA,KUJI,ATOM,axlUSDC,KUJI,LUNA
LUNA,KUJI,ATOM,axlUSDC,USK,LUNA
LP KUJI-ATOM,KUJI,ATOM,axlUSDC,KUJI,LP KUJI-ATOM
axlUSDC,KUJI,ATOM,USK,wAVAX,axlUSDC
axlUSDC,KUJI,ATOM,USK,LUNA,axlUSDC
axlUSDC,KUJI,ATOM,USK,wETH,axlUSDC
axlUSDC,KUJI,ATOM,USK,STARS,axlUSDC
axlUSDC,KUJI,ATOM,USK,gPAXG,axlUSDC
axlUSDC,KUJI,ATOM,USK,LOOP,axlUSDC
axlUSDC,KUJI,ATOM,USK,OSMO,axlUSDC
axlUSDC,KUJI,ATOM,USK,wBNB,axlUSDC
axlUSDC,KUJI,ATOM,USK,KUJI,axlUSDC
axlUSDC,KUJI,ATOM,USK,SCRT,axlUSDC
axlUSDC,KUJI,ATOM,USK,DOT,axlUSDC
axlUSDC,KUJI,ATOM,USK,JUNO,axlUSDC
LUNA,KUJI,ATOM,USK,axlUSDC,LUNA
LUNA,KUJI,ATOM,USK,KUJI,LUNA
LP KUJI-ATOM,KUJI,ATOM,USK,KUJI,LP KUJI-ATOM
USK,SCRT,axlUSDC,KUJI,LUNA,USK
USK,SCRT,axlUSDC,KUJI,ATOM,USK
USK,SCRT,axlUSDC,ATOM,OSMO,USK
USK,SCRT,axlUSDC,ATOM,KUJI,USK
USK,SCRT,axlUSDC,LUNA,KUJI,USK
USK,SCRT,axlUSDC,OSMO,ATOM,USK
axlUSDC,SCRT,USK,KUJI,LUNA,axlUSDC
axlUSDC,SCRT,USK,KUJI,ATOM,axlUSDC
axlUSDC,SCRT,USK,LUNA,KUJI,axlUSDC
axlUSDC,SCRT,USK,ATOM,OSMO,axlUSDC
axlUSDC,SCRT,USK,ATOM,KUJI,axlUSDC
axlUSDC,SCRT,USK,OSMO,ATOM,axlUSDC
USK,DOT,axlUSDC,KUJI,LUNA,USK
USK,DOT,axlUSDC,KUJI,ATOM,USK
USK,DOT,axlUSDC,ATOM,OSMO,USK
USK,DOT,axlUSDC,ATOM,KUJI,USK
USK,DOT,axlUSDC,LUNA,KUJI,USK
USK,DOT,axlUSDC,OSMO,ATOM,USK
axlUSDC,DOT,USK,KUJI,LUNA,axlUSDC
axlUSDC,DOT,USK,KUJI,ATOM,axlUSDC
axlUSDC,DOT,USK,LUNA,KUJI,axlUSDC
axlUSDC,DOT,USK,ATOM,OSMO,axlUSDC
axlUSDC,DOT,USK,ATOM,KUJI,axlUSDC
axlUSDC,DOT,USK,OSMO,ATOM,axlUSDC
axlUSDC,CMDX,USK,KUJI,LUNA,axlUSDC
axlUSDC,CMDX,USK,KUJI,ATOM,axlUSDC
axlUSDC,CMDX,USK,LUNA,KUJI,axlUSDC
axlUSDC,CMDX,USK,ATOM,OSMO,axlUSDC
axlUSDC,CMDX,USK,ATOM,KUJI,axlUSDC
axlUSDC,CMDX,USK,OSMO,ATOM,axlUSDC
KUJI,LP KUJI-ATOM,ATOM,OSMO,axlUSDC,KUJI
KUJI,LP KUJI-ATOM,ATOM,OSMO,USK,KUJI
KUJI,LP KUJI-ATOM,ATOM,axlUSDC,LUNA,KUJI
KUJI,LP KUJI-ATOM,ATOM,axlUSDC,USK,KUJI
KUJI,LP KUJI-ATOM,ATOM,USK,LUNA,KUJI
KUJI,LP KUJI-ATOM,ATOM,USK,axlUSDC,KUJI
axlUSDC,JUNO,USK,KUJI,LUNA,axlUSDC
axlUSDC,JUNO,USK,KUJI,ATOM,axlUSDC
axlUSDC,JUNO,USK,LUNA,KUJI,axlUSDC
axlUSDC,JUNO,USK,ATOM,OSMO,axlUSDC
axlUSDC,JUNO,USK,ATOM,KUJI,axlUSDC
axlUSDC,JUNO,USK,OSMO,ATOM,axlUSDC
USK,JUNO,axlUSDC,KUJI,LUNA,USK
USK,JUNO,axlUSDC,KUJI,ATOM,USK
USK,JUNO,axlUSDC,ATOM,OSMO,USK
USK,JUNO,axlUSDC,ATOM,KUJI,USK
USK,JUNO,axlUSDC,LUNA,KUJI,USK
USK,JUNO,axlUSDC,OSMO,ATOM,USK
ampLUNA,USK,JUNO,axlUSDC,USK,ampLUNA
STRD,USK,JUNO,axlUSDC,USK,STRD
KUJI,USK,JUNO,axlUSDC,LUNA,KUJI
KUJI,USK,JUNO,axlUSDC,ATOM,KUJI
KUJI,USK,JUNO,axlUSDC,USK,KUJI
ASTRO,USK,JUNO,axlUSDC,USK,ASTRO
FURY,USK,JUNO,axlUSDC,USK,FURY
LOOP,USK,JUNO,axlUSDC,USK,LOOP
DOT,USK,JUNO,axlUSDC,USK,DOT
LOCAL,USK,JUNO,axlUSDC,USK,LOCAL
LUNA,USK,JUNO,axlUSDC,KUJI,LUNA
LUNA,USK,JUNO,axlUSDC,USK,LUNA
SHD,USK,JUNO,axlUSDC,USK,SHD
wBNB,USK,JUNO,axlUSDC,USK,wBNB
SCRT,USK,JUNO,axlUSDC,USK,SCRT
OSMO,USK,JUNO,axlUSDC,ATOM,OSMO
OSMO,USK,JUNO,axlUSDC,USK,OSMO
AXL,USK,JUNO,axlUSDC,USK,AXL
wETH,USK,JUNO,axlUSDC,USK,wETH
ATOM,USK,JUNO,axlUSDC,OSMO,ATOM
ATOM,USK,JUNO,axlUSDC,KUJI,ATOM
ATOM,USK,JUNO,axlUSDC,USK,ATOM
STARS,USK,JUNO,axlUSDC,USK,STARS
gPAXG,USK,JUNO,axlUSDC,USK,gPAXG
AQUA,USK,JUNO,axlUSDC,USK,AQUA
wAVAX,USK,JUNO,axlUSDC,USK,wAVAX
OSMO,USK,KUJI,LP KUJI-ATOM,ATOM,OSMO
axlUSDC,USK,KUJI,LP KUJI-ATOM,ATOM,axlUSDC
ampLUNA,USK,KUJI,axlUSDC,USK,ampLUNA
JUNO,USK,KUJI,axlUSDC,USK,JUNO
STRD,USK,KUJI,axlUSDC,USK,STRD
ASTRO,USK,KUJI,axlUSDC,USK,ASTRO
FURY,USK,KUJI,axlUSDC,USK,FURY
LOOP,USK,KUJI,axlUSDC,USK,LOOP
DOT,USK,KUJI,axlUSDC,USK,DOT
LOCAL,USK,KUJI,axlUSDC,USK,LOCAL
LUNA,USK,KUJI,axlUSDC,USK,LUNA
SHD,USK,KUJI,axlUSDC,USK,SHD
wBNB,USK,KUJI,axlUSDC,USK,wBNB
SCRT,USK,KUJI,axlUSDC,USK,SCRT
OSMO,USK,KUJI,axlUSDC,ATOM,OSMO
OSMO,USK,KUJI,axlUSDC,USK,OSMO
AXL,USK,KUJI,axlUSDC,USK,AXL
wETH,USK,KUJI,axlUSDC,USK,wETH
ATOM,USK,KUJI,axlUSDC,OSMO,ATOM
ATOM,USK,KUJI,axlUSDC,USK,ATOM
STARS,USK,KUJI,axlUSDC,USK,STARS
gPAXG,USK,KUJI,axlUSDC,USK,gPAXG
AQUA,USK,KUJI,axlUSDC,USK,AQUA
wAVAX,USK,KUJI,axlUSDC,USK,wAVAX
ampLUNA,USK,KUJI,LUNA,USK,ampLUNA
JUNO,USK,KUJI,LUNA,axlUSDC,JUNO
JUNO,USK,KUJI,LUNA,USK,JUNO
STRD,USK,KUJI,LUNA,USK,STRD
ASTRO,USK,KUJI,LUNA,USK,ASTRO
FURY,USK,KUJI,LUNA,USK,FURY
LOOP,USK,KUJI,LUNA,axlUSDC,LOOP
LOOP,USK,KUJI,LUNA,USK,LOOP
CMDX,USK,KUJI,LUNA,axlUSDC,CMDX
DOT,USK,KUJI,LUNA,axlUSDC,DOT
DOT,USK,KUJI,LUNA,USK,DOT
LOCAL,USK,KUJI,LUNA,USK,LOCAL
SHD,USK,KUJI,LUNA,USK,SHD
wBNB,USK,KUJI,LUNA,axlUSDC,wBNB
wBNB,USK,KUJI,LUNA,USK,wBNB
SCRT,USK,KUJI,LUNA,axlUSDC,SCRT
SCRT,USK,KUJI,LUNA,USK,SCRT
OSMO,USK,KUJI,LUNA,axlUSDC,OSMO
OSMO,USK,KUJI,LUNA,USK,OSMO
AXL,USK,KUJI,LUNA,USK,AXL
wETH,USK,KUJI,LUNA,axlUSDC,wETH
wETH,USK,KUJI,LUNA,USK,wETH
axlUSDC,USK,KUJI,LUNA,USK,axlUSDC
ATOM,USK,KUJI,LUNA,axlUSDC,ATOM
ATOM,USK,KUJI,LUNA,USK,ATOM
STARS,USK,KUJI,LUNA,axlUSDC,STARS
STARS,USK,KUJI,LUNA,USK,STARS
gPAXG,USK,KUJI,LUNA,axlUSDC,gPAXG
gPAXG,USK,KUJI,LUNA,USK,gPAXG
AQUA,USK,KUJI,LUNA,USK,AQUA
wAVAX,USK,KUJI,LUNA,USK,wAVAX
ampLUNA,USK,KUJI,ATOM,USK,ampLUNA
JUNO,USK,KUJI,ATOM,axlUSDC,JUNO
JUNO,USK,KUJI,ATOM,USK,JUNO
STRD,USK,KUJI,ATOM,USK,STRD
ASTRO,USK,KUJI,ATOM,USK,ASTRO
FURY,USK,KUJI,ATOM,USK,FURY
LOOP,USK,KUJI,ATOM,axlUSDC,LOOP
LOOP,USK,KUJI,ATOM,USK,LOOP
CMDX,USK,KUJI,ATOM,axlUSDC,CMDX
DOT,USK,KUJI,ATOM,axlUSDC,DOT
DOT,USK,KUJI,ATOM,USK,DOT
LOCAL,USK,KUJI,ATOM,USK,LOCAL
LUNA,USK,KUJI,ATOM,axlUSDC,LUNA
LUNA,USK,KUJI,ATOM,USK,LUNA
SHD,USK,KUJI,ATOM,USK,SHD
wBNB,USK,KUJI,ATOM,axlUSDC,wBNB
wBNB,USK,KUJI,ATOM,USK,wBNB
SCRT,USK,KUJI,ATOM,axlUSDC,SCRT
SCRT,USK,KUJI,ATOM,USK,SCRT
OSMO,USK,KUJI,ATOM,axlUSDC,OSMO
OSMO,USK,KUJI,ATOM,USK,OSMO
AXL,USK,KUJI,ATOM,USK,AXL
wETH,USK,KUJI,ATOM,axlUSDC,wETH
wETH,USK,KUJI,ATOM,USK,wETH
axlUSDC,USK,KUJI,ATOM,OSMO,axlUSDC
axlUSDC,USK,KUJI,ATOM,USK,axlUSDC
STARS,USK,KUJI,ATOM,axlUSDC,STARS
STARS,USK,KUJI,ATOM,USK,STARS
gPAXG,USK,KUJI,ATOM,axlUSDC,gPAXG
gPAXG,USK,KUJI,ATOM,USK,gPAXG
AQUA,USK,KUJI,ATOM,USK,AQUA
wAVAX,USK,KUJI,ATOM,USK,wAVAX
ampLUNA,USK,wAVAX,axlUSDC,USK,ampLUNA
JUNO,USK,wAVAX,axlUSDC,USK,JUNO
STRD,USK,wAVAX,axlUSDC,USK,STRD
KUJI,USK,wAVAX,axlUSDC,LUNA,KUJI
KUJI,USK,wAVAX,axlUSDC,ATOM,KUJI
KUJI,USK,wAVAX,axlUSDC,USK,KUJI
ASTRO,USK,wAVAX,axlUSDC,USK,ASTRO
FURY,USK,wAVAX,axlUSDC,USK,FURY
LOOP,USK,wAVAX,axlUSDC,USK,LOOP
DOT,USK,wAVAX,axlUSDC,USK,DOT
LOCAL,USK,wAVAX,axlUSDC,USK,LOCAL
LUNA,USK,wAVAX,axlUSDC,KUJI,LUNA
LUNA,USK,wAVAX,axlUSDC,USK,LUNA
SHD,USK,wAVAX,axlUSDC,USK,SHD
wBNB,USK,wAVAX,axlUSDC,USK,wBNB
SCRT,USK,wAVAX,axlUSDC,USK,SCRT
OSMO,USK,wAVAX,axlUSDC,ATOM,OSMO
OSMO,USK,wAVAX,axlUSDC,USK,OSMO
AXL,USK,wAVAX,axlUSDC,USK,AXL
wETH,USK,wAVAX,axlUSDC,USK,wETH
ATOM,USK,wAVAX,axlUSDC,OSMO,ATOM
ATOM,USK,wAVAX,axlUSDC,KUJI,ATOM
ATOM,USK,wAVAX,axlUSDC,USK,ATOM
STARS,USK,wAVAX,axlUSDC,USK,STARS
gPAXG,USK,wAVAX,axlUSDC,USK,gPAXG
AQUA,USK,wAVAX,axlUSDC,USK,AQUA
ampLUNA,USK,LUNA,KUJI,USK,ampLUNA
JUNO,USK,LUNA,KUJI,axlUSDC,JUNO
JUNO,USK,LUNA,KUJI,USK,JUNO
STRD,USK,LUNA,KUJI,USK,STRD
ASTRO,USK,LUNA,KUJI,USK,ASTRO
FURY,USK,LUNA,KUJI,USK,FURY
LOOP,USK,LUNA,KUJI,axlUSDC,LOOP
LOOP,USK,LUNA,KUJI,USK,LOOP
CMDX,USK,LUNA,KUJI,axlUSDC,CMDX
DOT,USK,LUNA,KUJI,axlUSDC,DOT
DOT,USK,LUNA,KUJI,USK,DOT
LOCAL,USK,LUNA,KUJI,USK,LOCAL
SHD,USK,LUNA,KUJI,USK,SHD
wBNB,USK,LUNA,KUJI,axlUSDC,wBNB
wBNB,USK,LUNA,KUJI,USK,wBNB
SCRT,USK,LUNA,KUJI,axlUSDC,SCRT
SCRT,USK,LUNA,KUJI,USK,SCRT
OSMO,USK,LUNA,KUJI,ATOM,OSMO
OSMO,USK,LUNA,KUJI,axlUSDC,OSMO
OSMO,USK,LUNA,KUJI,USK,OSMO
AXL,USK,LUNA,KUJI,USK,AXL
wETH,USK,LUNA,KUJI,axlUSDC,wETH
wETH,USK,LUNA,KUJI,USK,wETH
axlUSDC,USK,LUNA,KUJI,ATOM,axlUSDC
axlUSDC,USK,LUNA,KUJI,USK,axlUSDC
ATOM,USK,LUNA,KUJI,axlUSDC,ATOM
ATOM,USK,LUNA,KUJI,LP KUJI-ATOM,ATOM
ATOM,USK,LUNA,KUJI,USK,ATOM
STARS,USK,LUNA,KUJI,axlUSDC,STARS
STARS,USK,LUNA,KUJI,USK,STARS
gPAXG,USK,LUNA,KUJI,axlUSDC,gPAXG
gPAXG,USK,LUNA,KUJI,USK,gPAXG
AQUA,USK,LUNA,KUJI,USK,AQUA
wAVAX,USK,LUNA,KUJI,USK,wAVAX
ampLUNA,USK,LUNA,axlUSDC,USK,ampLUNA
JUNO,USK,LUNA,axlUSDC,USK,JUNO
STRD,USK,LUNA,axlUSDC,USK,STRD
KUJI,USK,LUNA,axlUSDC,ATOM,KUJI
KUJI,USK,LUNA,axlUSDC,USK,KUJI
ASTRO,USK,LUNA,axlUSDC,USK,ASTRO
FURY,USK,LUNA,axlUSDC,USK,FURY
LOOP,USK,LUNA,axlUSDC,USK,LOOP
DOT,USK,LUNA,axlUSDC,USK,DOT
LOCAL,USK,LUNA,axlUSDC,USK,LOCAL
SHD,USK,LUNA,axlUSDC,USK,SHD
wBNB,USK,LUNA,axlUSDC,USK,wBNB
SCRT,USK,LUNA,axlUSDC,USK,SCRT
OSMO,USK,LUNA,axlUSDC,ATOM,OSMO
OSMO,USK,LUNA,axlUSDC,USK,OSMO
AXL,USK,LUNA,axlUSDC,USK,AXL
wETH,USK,LUNA,axlUSDC,USK,wETH
ATOM,USK,LUNA,axlUSDC,OSMO,ATOM
ATOM,USK,LUNA,axlUSDC,KUJI,ATOM
ATOM,USK,LUNA,axlUSDC,USK,ATOM
STARS,USK,LUNA,axlUSDC,USK,STARS
gPAXG,USK,LUNA,axlUSDC,USK,gPAXG
AQUA,USK,LUNA,axlUSDC,USK,AQUA
wAVAX,USK,LUNA,axlUSDC,USK,wAVAX
ampLUNA,USK,wETH,axlUSDC,USK,ampLUNA
JUNO,USK,wETH,axlUSDC,USK,JUNO
STRD,USK,wETH,axlUSDC,USK,STRD
KUJI,USK,wETH,axlUSDC,LUNA,KUJI
KUJI,USK,wETH,axlUSDC,ATOM,KUJI
KUJI,USK,wETH,axlUSDC,USK,KUJI
ASTRO,USK,wETH,axlUSDC,USK,ASTRO
FURY,USK,wETH,axlUSDC,USK,FURY
LOOP,USK,wETH,axlUSDC,USK,LOOP
DOT,USK,wETH,axlUSDC,USK,DOT
LOCAL,USK,wETH,axlUSDC,USK,LOCAL
LUNA,USK,wETH,axlUSDC,KUJI,LUNA
LUNA,USK,wETH,axlUSDC,USK,LUNA
SHD,USK,wETH,axlUSDC,USK,SHD
wBNB,USK,wETH,axlUSDC,USK,wBNB
SCRT,USK,wETH,axlUSDC,USK,SCRT
OSMO,USK,wETH,axlUSDC,ATOM,OSMO
OSMO,USK,wETH,axlUSDC,USK,OSMO
AXL,USK,wETH,axlUSDC,USK,AXL
ATOM,USK,wETH,axlUSDC,OSMO,ATOM
ATOM,USK,wETH,axlUSDC,KUJI,ATOM
ATOM,USK,wETH,axlUSDC,USK,ATOM
STARS,USK,wETH,axlUSDC,USK,STARS
gPAXG,USK,wETH,axlUSDC,USK,gPAXG
AQUA,USK,wETH,axlUSDC,USK,AQUA
wAVAX,USK,wETH,axlUSDC,USK,wAVAX
ampLUNA,USK,DOT,axlUSDC,USK,ampLUNA
JUNO,USK,DOT,axlUSDC,USK,JUNO
STRD,USK,DOT,axlUSDC,USK,STRD
KUJI,USK,DOT,axlUSDC,LUNA,KUJI
KUJI,USK,DOT,axlUSDC,ATOM,KUJI
KUJI,USK,DOT,axlUSDC,USK,KUJI
ASTRO,USK,DOT,axlUSDC,USK,ASTRO
FURY,USK,DOT,axlUSDC,USK,FURY
LOOP,USK,DOT,axlUSDC,USK,LOOP
LOCAL,USK,DOT,axlUSDC,USK,LOCAL
LUNA,USK,DOT,axlUSDC,KUJI,LUNA
LUNA,USK,DOT,axlUSDC,USK,LUNA
SHD,USK,DOT,axlUSDC,USK,SHD
wBNB,USK,DOT,axlUSDC,USK,wBNB
SCRT,USK,DOT,axlUSDC,USK,SCRT
OSMO,USK,DOT,axlUSDC,ATOM,OSMO
OSMO,USK,DOT,axlUSDC,USK,OSMO
AXL,USK,DOT,axlUSDC,USK,AXL
wETH,USK,DOT,axlUSDC,USK,wETH
ATOM,USK,DOT,axlUSDC,OSMO,ATOM
ATOM,USK,DOT,axlUSDC,KUJI,ATOM
ATOM,USK,DOT,axlUSDC,USK,ATOM
STARS,USK,DOT,axlUSDC,USK,STARS
gPAXG,USK,DOT,axlUSDC,USK,gPAXG
AQUA,USK,DOT,axlUSDC,USK,AQUA
wAVAX,USK,DOT,axlUSDC,USK,wAVAX
ampLUNA,USK,ATOM,KUJI,USK,ampLUNA
JUNO,USK,ATOM,KUJI,axlUSDC,JUNO
JUNO,USK,ATOM,KUJI,USK,JUNO
STRD,USK,ATOM,KUJI,USK,STRD
ASTRO,USK,ATOM,KUJI,USK,ASTRO
FURY,USK,ATOM,KUJI,USK,FURY
LOOP,USK,ATOM,KUJI,axlUSDC,LOOP
LOOP,USK,ATOM,KUJI,USK,LOOP
CMDX,USK,ATOM,KUJI,axlUSDC,CMDX
DOT,USK,ATOM,KUJI,axlUSDC,DOT
DOT,USK,ATOM,KUJI,USK,DOT
LOCAL,USK,ATOM,KUJI,USK,LOCAL
LUNA,USK,ATOM,KUJI,axlUSDC,LUNA
LUNA,USK,ATOM,KUJI,USK,LUNA
SHD,USK,ATOM,KUJI,USK,SHD
wBNB,USK,ATOM,KUJI,axlUSDC,wBNB
wBNB,USK,ATOM,KUJI,USK,wBNB
SCRT,USK,ATOM,KUJI,axlUSDC,SCRT
SCRT,USK,ATOM,KUJI,USK,SCRT
OSMO,USK,ATOM,KUJI,axlUSDC,OSMO
OSMO,USK,ATOM,KUJI,USK,OSMO
AXL,USK,ATOM,KUJI,USK,AXL
wETH,USK,ATOM,KUJI,axlUSDC,wETH
wETH,USK,ATOM,KUJI,USK,wETH
axlUSDC,USK,ATOM,KUJI,LUNA,axlUSDC
axlUSDC,USK,ATOM,KUJI,USK,axlUSDC
STARS,USK,ATOM,KUJI,axlUSDC,STARS
STARS,USK,ATOM,KUJI,USK,STARS
gPAXG,USK,ATOM,KUJI,axlUSDC,gPAXG
gPAXG,USK,ATOM,KUJI,USK,gPAXG
AQUA,USK,ATOM,KUJI,USK,AQUA
wAVAX,USK,ATOM,KUJI,USK,wAVAX
ampLUNA,USK,ATOM,OSMO,USK,ampLUNA
JUNO,USK,ATOM,OSMO,axlUSDC,JUNO
JUNO,USK,ATOM,OSMO,USK,JUNO
STRD,USK,ATOM,OSMO,USK,STRD
KUJI,USK,ATOM,OSMO,axlUSDC,KUJI
KUJI,USK,ATOM,OSMO,USK,KUJI
ASTRO,USK,ATOM,OSMO,USK,ASTRO
FURY,USK,ATOM,OSMO,USK,FURY
LOOP,USK,ATOM,OSMO,axlUSDC,LOOP
LOOP,USK,ATOM,OSMO,USK,LOOP
CMDX,USK,ATOM,OSMO,axlUSDC,CMDX
DOT,USK,ATOM,OSMO,axlUSDC,DOT
DOT,USK,ATOM,OSMO,USK,DOT
LOCAL,USK,ATOM,OSMO,USK,LOCAL
LUNA,USK,ATOM,OSMO,axlUSDC,LUNA
LUNA,USK,ATOM,OSMO,USK,LUNA
SHD,USK,ATOM,OSMO,USK,SHD
wBNB,USK,ATOM,OSMO,axlUSDC,wBNB
wBNB,USK,ATOM,OSMO,USK,wBNB
SCRT,USK,ATOM,OSMO,axlUSDC,SCRT
SCRT,USK,ATOM,OSMO,USK,SCRT
AXL,USK,ATOM,OSMO,USK,AXL
wETH,USK,ATOM,OSMO,axlUSDC,wETH
wETH,USK,ATOM,OSMO,USK,wETH
axlUSDC,USK,ATOM,OSMO,USK,axlUSDC
STARS,USK,ATOM,OSMO,axlUSDC,STARS
STARS,USK,ATOM,OSMO,USK,STARS
gPAXG,USK,ATOM,OSMO,axlUSDC,gPAXG
gPAXG,USK,ATOM,OSMO,USK,gPAXG
AQUA,USK,ATOM,OSMO,USK,AQUA
wAVAX,USK,ATOM,OSMO,USK,wAVAX
ampLUNA,USK,ATOM,axlUSDC,USK,ampLUNA
JUNO,USK,ATOM,axlUSDC,USK,JUNO
STRD,USK,ATOM,axlUSDC,USK,STRD
KUJI,USK,ATOM,axlUSDC,LUNA,KUJI
KUJI,USK,ATOM,axlUSDC,USK,KUJI
ASTRO,USK,ATOM,axlUSDC,USK,ASTRO
FURY,USK,ATOM,axlUSDC,USK,FURY
LOOP,USK,ATOM,axlUSDC,USK,LOOP
DOT,USK,ATOM,axlUSDC,USK,DOT
LOCAL,USK,ATOM,axlUSDC,USK,LOCAL
LUNA,USK,ATOM,axlUSDC,KUJI,LUNA
LUNA,USK,ATOM,axlUSDC,USK,LUNA
SHD,USK,ATOM,axlUSDC,USK,SHD
wBNB,USK,ATOM,axlUSDC,USK,wBNB
SCRT,USK,ATOM,axlUSDC,USK,SCRT
OSMO,USK,ATOM,axlUSDC,USK,OSMO
AXL,USK,ATOM,axlUSDC,USK,AXL
wETH,USK,ATOM,axlUSDC,USK,wETH
STARS,USK,ATOM,axlUSDC,USK,STARS
gPAXG,USK,ATOM,axlUSDC,USK,gPAXG
AQUA,USK,ATOM,axlUSDC,USK,AQUA
wAVAX,USK,ATOM,axlUSDC,USK,wAVAX
ampLUNA,USK,axlUSDC,KUJI,USK,ampLUNA
JUNO,USK,axlUSDC,KUJI,USK,JUNO
STRD,USK,axlUSDC,KUJI,USK,STRD
ASTRO,USK,axlUSDC,KUJI,USK,ASTRO
FURY,USK,axlUSDC,KUJI,USK,FURY
LOOP,USK,axlUSDC,KUJI,USK,LOOP
DOT,USK,axlUSDC,KUJI,USK,DOT
LOCAL,USK,axlUSDC,KUJI,USK,LOCAL
LUNA,USK,axlUSDC,KUJI,USK,LUNA
SHD,USK,axlUSDC,KUJI,USK,SHD
wBNB,USK,axlUSDC,KUJI,USK,wBNB
SCRT,USK,axlUSDC,KUJI,USK,SCRT
OSMO,USK,axlUSDC,KUJI,ATOM,OSMO
OSMO,USK,axlUSDC,KUJI,USK,OSMO
AXL,USK,axlUSDC,KUJI,USK,AXL
wETH,USK,axlUSDC,KUJI,USK,wETH
ATOM,USK,axlUSDC,KUJI,LP KUJI-ATOM,ATOM
ATOM,USK,axlUSDC,KUJI,USK,ATOM
STARS,USK,axlUSDC,KUJI,USK,STARS
gPAXG,USK,axlUSDC,KUJI,USK,gPAXG
AQUA,USK,axlUSDC,KUJI,USK,AQUA
wAVAX,USK,axlUSDC,KUJI,USK,wAVAX
ampLUNA,USK,axlUSDC,SCRT,USK,ampLUNA
JUNO,USK,axlUSDC,SCRT,USK,JUNO
STRD,USK,axlUSDC,SCRT,USK,STRD
KUJI,USK,axlUSDC,SCRT,USK,KUJI
ASTRO,USK,axlUSDC,SCRT,USK,ASTRO
FURY,USK,axlUSDC,SCRT,USK,FURY
LOOP,USK,axlUSDC,SCRT,USK,LOOP
DOT,USK,axlUSDC,SCRT,USK,DOT
LOCAL,USK,axlUSDC,SCRT,USK,LOCAL
LUNA,USK,axlUSDC,SCRT,USK,LUNA
SHD,USK,axlUSDC,SCRT,USK,SHD
wBNB,USK,axlUSDC,SCRT,USK,wBNB
OSMO,USK,axlUSDC,SCRT,USK,OSMO
AXL,USK,axlUSDC,SCRT,USK,AXL
wETH,USK,axlUSDC,SCRT,USK,wETH
ATOM,USK,axlUSDC,SCRT,USK,ATOM
STARS,USK,axlUSDC,SCRT,USK,STARS
gPAXG,USK,axlUSDC,SCRT,USK,gPAXG
AQUA,USK,axlUSDC,SCRT,USK,AQUA
wAVAX,USK,axlUSDC,SCRT,USK,wAVAX
ampLUNA,USK,axlUSDC,ATOM,USK,ampLUNA
JUNO,USK,axlUSDC,ATOM,USK,JUNO
STRD,USK,axlUSDC,ATOM,USK,STRD
KUJI,USK,axlUSDC,ATOM,USK,KUJI
ASTRO,USK,axlUSDC,ATOM,USK,ASTRO
FURY,USK,axlUSDC,ATOM,USK,FURY
LOOP,USK,axlUSDC,ATOM,USK,LOOP
DOT,USK,axlUSDC,ATOM,USK,DOT
LOCAL,USK,axlUSDC,ATOM,USK,LOCAL
LUNA,USK,axlUSDC,ATOM,KUJI,LUNA
LUNA,USK,axlUSDC,ATOM,USK,LUNA
SHD,USK,axlUSDC,ATOM,USK,SHD
wBNB,USK,axlUSDC,ATOM,USK,wBNB
SCRT,USK,axlUSDC,ATOM,USK,SCRT
OSMO,USK,axlUSDC,ATOM,USK,OSMO
AXL,USK,axlUSDC,ATOM,USK,AXL
wETH,USK,axlUSDC,ATOM,USK,wETH
STARS,USK,axlUSDC,ATOM,USK,STARS
gPAXG,USK,axlUSDC,ATOM,USK,gPAXG
AQUA,USK,axlUSDC,ATOM,USK,AQUA
wAVAX,USK,axlUSDC,ATOM,USK,wAVAX
ampLUNA,USK,axlUSDC,CMDX,USK,ampLUNA
JUNO,USK,axlUSDC,CMDX,USK,JUNO
STRD,USK,axlUSDC,CMDX,USK,STRD
KUJI,USK,axlUSDC,CMDX,USK,KUJI
ASTRO,USK,axlUSDC,CMDX,USK,ASTRO
FURY,USK,axlUSDC,CMDX,USK,FURY
LOOP,USK,axlUSDC,CMDX,USK,LOOP
DOT,USK,axlUSDC,CMDX,USK,DOT
LOCAL,USK,axlUSDC,CMDX,USK,LOCAL
LUNA,USK,axlUSDC,CMDX,USK,LUNA
SHD,USK,axlUSDC,CMDX,USK,SHD
wBNB,USK,axlUSDC,CMDX,USK,wBNB
SCRT,USK,axlUSDC,CMDX,USK,SCRT
OSMO,USK,axlUSDC,CMDX,USK,OSMO
AXL,USK,axlUSDC,CMDX,USK,AXL
wETH,USK,axlUSDC,CMDX,USK,wETH
ATOM,USK,axlUSDC,CMDX,USK,ATOM
STARS,USK,axlUSDC,CMDX,USK,STARS
gPAXG,USK,axlUSDC,CMDX,USK,gPAXG
AQUA,USK,axlUSDC,CMDX,USK,AQUA
wAVAX,USK,axlUSDC,CMDX,USK,wAVAX
ampLUNA,USK,axlUSDC,LUNA,USK,ampLUNA
JUNO,USK,axlUSDC,LUNA,USK,JUNO
STRD,USK,axlUSDC,LUNA,USK,STRD
KUJI,USK,axlUSDC,LUNA,USK,KUJI
ASTRO,USK,axlUSDC,LUNA,USK,ASTRO
FURY,USK,axlUSDC,LUNA,USK,FURY
LOOP,USK,axlUSDC,LUNA,USK,LOOP
DOT,USK,axlUSDC,LUNA,USK,DOT
LOCAL,USK,axlUSDC,LUNA,USK,LOCAL
SHD,USK,axlUSDC,LUNA,USK,SHD
wBNB,USK,axlUSDC,LUNA,USK,wBNB
SCRT,USK,axlUSDC,LUNA,USK,SCRT
OSMO,USK,axlUSDC,LUNA,USK,OSMO
AXL,USK,axlUSDC,LUNA,USK,AXL
wETH,USK,axlUSDC,LUNA,USK,wETH
ATOM,USK,axlUSDC,LUNA,KUJI,ATOM
ATOM,USK,axlUSDC,LUNA,USK,ATOM
STARS,USK,axlUSDC,LUNA,USK,STARS
gPAXG,USK,axlUSDC,LUNA,USK,gPAXG
AQUA,USK,axlUSDC,LUNA,USK,AQUA
wAVAX,USK,axlUSDC,LUNA,USK,wAVAX
ampLUNA,USK,axlUSDC,LOOP,USK,ampLUNA
JUNO,USK,axlUSDC,LOOP,USK,JUNO
STRD,USK,axlUSDC,LOOP,USK,STRD
KUJI,USK,axlUSDC,LOOP,USK,KUJI
ASTRO,USK,axlUSDC,LOOP,USK,ASTRO
FURY,USK,axlUSDC,LOOP,USK,FURY
DOT,USK,axlUSDC,LOOP,USK,DOT
LOCAL,USK,axlUSDC,LOOP,USK,LOCAL
LUNA,USK,axlUSDC,LOOP,USK,LUNA
SHD,USK,axlUSDC,LOOP,USK,SHD
wBNB,USK,axlUSDC,LOOP,USK,wBNB
SCRT,USK,axlUSDC,LOOP,USK,SCRT
OSMO,USK,axlUSDC,LOOP,USK,OSMO
AXL,USK,axlUSDC,LOOP,USK,AXL
wETH,USK,axlUSDC,LOOP,USK,wETH
ATOM,USK,axlUSDC,LOOP,USK,ATOM
STARS,USK,axlUSDC,LOOP,USK,STARS
gPAXG,USK,axlUSDC,LOOP,USK,gPAXG
AQUA,USK,axlUSDC,LOOP,USK,AQUA
wAVAX,USK,axlUSDC,LOOP,USK,wAVAX
ampLUNA,USK,axlUSDC,OSMO,USK,ampLUNA
JUNO,USK,axlUSDC,OSMO,USK,JUNO
STRD,USK,axlUSDC,OSMO,USK,STRD
KUJI,USK,axlUSDC,OSMO,ATOM,KUJI
KUJI,USK,axlUSDC,OSMO,USK,KUJI
ASTRO,USK,axlUSDC,OSMO,USK,ASTRO
FURY,USK,axlUSDC,OSMO,USK,FURY
LOOP,USK,axlUSDC,OSMO,USK,LOOP
DOT,USK,axlUSDC,OSMO,USK,DOT
LOCAL,USK,axlUSDC,OSMO,USK,LOCAL
LUNA,USK,axlUSDC,OSMO,USK,LUNA
SHD,USK,axlUSDC,OSMO,USK,SHD
wBNB,USK,axlUSDC,OSMO,USK,wBNB
SCRT,USK,axlUSDC,OSMO,USK,SCRT
AXL,USK,axlUSDC,OSMO,USK,AXL
wETH,USK,axlUSDC,OSMO,USK,wETH
ATOM,USK,axlUSDC,OSMO,USK,ATOM
STARS,USK,axlUSDC,OSMO,USK,STARS
gPAXG,USK,axlUSDC,OSMO,USK,gPAXG
AQUA,USK,axlUSDC,OSMO,USK,AQUA
wAVAX,USK,axlUSDC,OSMO,USK,wAVAX
ampLUNA,USK,axlUSDC,wBNB,USK,ampLUNA
JUNO,USK,axlUSDC,wBNB,USK,JUNO
STRD,USK,axlUSDC,wBNB,USK,STRD
KUJI,USK,axlUSDC,wBNB,USK,KUJI
ASTRO,USK,axlUSDC,wBNB,USK,ASTRO
FURY,USK,axlUSDC,wBNB,USK,FURY
LOOP,USK,axlUSDC,wBNB,USK,LOOP
DOT,USK,axlUSDC,wBNB,USK,DOT
LOCAL,USK,axlUSDC,wBNB,USK,LOCAL
LUNA,USK,axlUSDC,wBNB,USK,LUNA
SHD,USK,axlUSDC,wBNB,USK,SHD
SCRT,USK,axlUSDC,wBNB,USK,SCRT
OSMO,USK,axlUSDC,wBNB,USK,OSMO
AXL,USK,axlUSDC,wBNB,USK,AXL
wETH,USK,axlUSDC,wBNB,USK,wETH
ATOM,USK,axlUSDC,wBNB,USK,ATOM
STARS,USK,axlUSDC,wBNB,USK,STARS
gPAXG,USK,axlUSDC,wBNB,USK,gPAXG
AQUA,USK,axlUSDC,wBNB,USK,AQUA
wAVAX,USK,axlUSDC,wBNB,USK,wAVAX
ampLUNA,USK,axlUSDC,STARS,USK,ampLUNA
JUNO,USK,axlUSDC,STARS,USK,JUNO
STRD,USK,axlUSDC,STARS,USK,STRD
KUJI,USK,axlUSDC,STARS,USK,KUJI
ASTRO,USK,axlUSDC,STARS,USK,ASTRO
FURY,USK,axlUSDC,STARS,USK,FURY
LOOP,USK,axlUSDC,STARS,USK,LOOP
DOT,USK,axlUSDC,STARS,USK,DOT
LOCAL,USK,axlUSDC,STARS,USK,LOCAL
LUNA,USK,axlUSDC,STARS,USK,LUNA
SHD,USK,axlUSDC,STARS,USK,SHD
wBNB,USK,axlUSDC,STARS,USK,wBNB
SCRT,USK,axlUSDC,STARS,USK,SCRT
OSMO,USK,axlUSDC,STARS,USK,OSMO
AXL,USK,axlUSDC,STARS,USK,AXL
wETH,USK,axlUSDC,STARS,USK,wETH
ATOM,USK,axlUSDC,STARS,USK,ATOM
gPAXG,USK,axlUSDC,STARS,USK,gPAXG
AQUA,USK,axlUSDC,STARS,USK,AQUA
wAVAX,USK,axlUSDC,STARS,USK,wAVAX
ampLUNA,USK,axlUSDC,wETH,USK,ampLUNA
JUNO,USK,axlUSDC,wETH,USK,JUNO
STRD,USK,axlUSDC,wETH,USK,STRD
KUJI,USK,axlUSDC,wETH,USK,KUJI
ASTRO,USK,axlUSDC,wETH,USK,ASTRO
FURY,USK,axlUSDC,wETH,USK,FURY
LOOP,USK,axlUSDC,wETH,USK,LOOP
DOT,USK,axlUSDC,wETH,USK,DOT
LOCAL,USK,axlUSDC,wETH,USK,LOCAL
LUNA,USK,axlUSDC,wETH,USK,LUNA
SHD,USK,axlUSDC,wETH,USK,SHD
wBNB,USK,axlUSDC,wETH,USK,wBNB
SCRT,USK,axlUSDC,wETH,USK,SCRT
OSMO,USK,axlUSDC,wETH,USK,OSMO
AXL,USK,axlUSDC,wETH,USK,AXL
ATOM,USK,axlUSDC,wETH,USK,ATOM
STARS,USK,axlUSDC,wETH,USK,STARS
gPAXG,USK,axlUSDC,wETH,USK,gPAXG
AQUA,USK,axlUSDC,wETH,USK,AQUA
wAVAX,USK,axlUSDC,wETH,USK,wAVAX
ampLUNA,USK,axlUSDC,JUNO,USK,ampLUNA
STRD,USK,axlUSDC,JUNO,USK,STRD
KUJI,USK,axlUSDC,JUNO,USK,KUJI
ASTRO,USK,axlUSDC,JUNO,USK,ASTRO
FURY,USK,axlUSDC,JUNO,USK,FURY
LOOP,USK,axlUSDC,JUNO,USK,LOOP
DOT,USK,axlUSDC,JUNO,USK,DOT
LOCAL,USK,axlUSDC,JUNO,USK,LOCAL
LUNA,USK,axlUSDC,JUNO,USK,LUNA
SHD,USK,axlUSDC,JUNO,USK,SHD
wBNB,USK,axlUSDC,JUNO,USK,wBNB
SCRT,USK,axlUSDC,JUNO,USK,SCRT
OSMO,USK,axlUSDC,JUNO,USK,OSMO
AXL,USK,axlUSDC,JUNO,USK,AXL
wETH,USK,axlUSDC,JUNO,USK,wETH
ATOM,USK,axlUSDC,JUNO,USK,ATOM
STARS,USK,axlUSDC,JUNO,USK,STARS
gPAXG,USK,axlUSDC,JUNO,USK,gPAXG
AQUA,USK,axlUSDC,JUNO,USK,AQUA
wAVAX,USK,axlUSDC,JUNO,USK,wAVAX
ampLUNA,USK,axlUSDC,DOT,USK,ampLUNA
JUNO,USK,axlUSDC,DOT,USK,JUNO
STRD,USK,axlUSDC,DOT,USK,STRD
KUJI,USK,axlUSDC,DOT,USK,KUJI
ASTRO,USK,axlUSDC,DOT,USK,ASTRO
FURY,USK,axlUSDC,DOT,USK,FURY
LOOP,USK,axlUSDC,DOT,USK,LOOP
LOCAL,USK,axlUSDC,DOT,USK,LOCAL
LUNA,USK,axlUSDC,DOT,USK,LUNA
SHD,USK,axlUSDC,DOT,USK,SHD
wBNB,USK,axlUSDC,DOT,USK,wBNB
SCRT,USK,axlUSDC,DOT,USK,SCRT
OSMO,USK,axlUSDC,DOT,USK,OSMO
AXL,USK,axlUSDC,DOT,USK,AXL
wETH,USK,axlUSDC,DOT,USK,wETH
ATOM,USK,axlUSDC,DOT,USK,ATOM
STARS,USK,axlUSDC,DOT,USK,STARS
gPAXG,USK,axlUSDC,DOT,USK,gPAXG
AQUA,USK,axlUSDC,DOT,USK,AQUA
wAVAX,USK,axlUSDC,DOT,USK,wAVAX
ampLUNA,USK,axlUSDC,gPAXG,USK,ampLUNA
JUNO,USK,axlUSDC,gPAXG,USK,JUNO
STRD,USK,axlUSDC,gPAXG,USK,STRD
KUJI,USK,axlUSDC,gPAXG,USK,KUJI
ASTRO,USK,axlUSDC,gPAXG,USK,ASTRO
FURY,USK,axlUSDC,gPAXG,USK,FURY
LOOP,USK,axlUSDC,gPAXG,USK,LOOP
DOT,USK,axlUSDC,gPAXG,USK,DOT
LOCAL,USK,axlUSDC,gPAXG,USK,LOCAL
LUNA,USK,axlUSDC,gPAXG,USK,LUNA
SHD,USK,axlUSDC,gPAXG,USK,SHD
wBNB,USK,axlUSDC,gPAXG,USK,wBNB
SCRT,USK,axlUSDC,gPAXG,USK,SCRT
OSMO,USK,axlUSDC,gPAXG,USK,OSMO
AXL,USK,axlUSDC,gPAXG,USK,AXL
wETH,USK,axlUSDC,gPAXG,USK,wETH
ATOM,USK,axlUSDC,gPAXG,USK,ATOM
STARS,USK,axlUSDC,gPAXG,USK,STARS
AQUA,USK,axlUSDC,gPAXG,USK,AQUA
wAVAX,USK,axlUSDC,gPAXG,USK,wAVAX
ampLUNA,USK,wBNB,axlUSDC,USK,ampLUNA
JUNO,USK,wBNB,axlUSDC,USK,JUNO
STRD,USK,wBNB,axlUSDC,USK,STRD
KUJI,USK,wBNB,axlUSDC,LUNA,KUJI
KUJI,USK,wBNB,axlUSDC,ATOM,KUJI
KUJI,USK,wBNB,axlUSDC,USK,KUJI
ASTRO,USK,wBNB,axlUSDC,USK,ASTRO
FURY,USK,wBNB,axlUSDC,USK,FURY
LOOP,USK,wBNB,axlUSDC,USK,LOOP
DOT,USK,wBNB,axlUSDC,USK,DOT
LOCAL,USK,wBNB,axlUSDC,USK,LOCAL
LUNA,USK,wBNB,axlUSDC,KUJI,LUNA
LUNA,USK,wBNB,axlUSDC,USK,LUNA
SHD,USK,wBNB,axlUSDC,USK,SHD
SCRT,USK,wBNB,axlUSDC,USK,SCRT
OSMO,USK,wBNB,axlUSDC,ATOM,OSMO
OSMO,USK,wBNB,axlUSDC,USK,OSMO
AXL,USK,wBNB,axlUSDC,USK,AXL
wETH,USK,wBNB,axlUSDC,USK,wETH
ATOM,USK,wBNB,axlUSDC,OSMO,ATOM
ATOM,USK,wBNB,axlUSDC,KUJI,ATOM
ATOM,USK,wBNB,axlUSDC,USK,ATOM
STARS,USK,wBNB,axlUSDC,USK,STARS
gPAXG,USK,wBNB,axlUSDC,USK,gPAXG
AQUA,USK,wBNB,axlUSDC,USK,AQUA
wAVAX,USK,wBNB,axlUSDC,USK,wAVAX
ampLUNA,USK,STARS,axlUSDC,USK,ampLUNA
JUNO,USK,STARS,axlUSDC,USK,JUNO
STRD,USK,STARS,axlUSDC,USK,STRD
KUJI,USK,STARS,axlUSDC,LUNA,KUJI
KUJI,USK,STARS,axlUSDC,ATOM,KUJI
KUJI,USK,STARS,axlUSDC,USK,KUJI
ASTRO,USK,STARS,axlUSDC,USK,ASTRO
FURY,USK,STARS,axlUSDC,USK,FURY
LOOP,USK,STARS,axlUSDC,USK,LOOP
DOT,USK,STARS,axlUSDC,USK,DOT
LOCAL,USK,STARS,axlUSDC,USK,LOCAL
LUNA,USK,STARS,axlUSDC,KUJI,LUNA
LUNA,USK,STARS,axlUSDC,USK,LUNA
SHD,USK,STARS,axlUSDC,USK,SHD
wBNB,USK,STARS,axlUSDC,USK,wBNB
SCRT,USK,STARS,axlUSDC,USK,SCRT
OSMO,USK,STARS,axlUSDC,ATOM,OSMO
OSMO,USK,STARS,axlUSDC,USK,OSMO
AXL,USK,STARS,axlUSDC,USK,AXL
wETH,USK,STARS,axlUSDC,USK,wETH
ATOM,USK,STARS,axlUSDC,OSMO,ATOM
ATOM,USK,STARS,axlUSDC,KUJI,ATOM
ATOM,USK,STARS,axlUSDC,USK,ATOM
gPAXG,USK,STARS,axlUSDC,USK,gPAXG
AQUA,USK,STARS,axlUSDC,USK,AQUA
wAVAX,USK,STARS,axlUSDC,USK,wAVAX
ampLUNA,USK,SCRT,axlUSDC,USK,ampLUNA
JUNO,USK,SCRT,axlUSDC,USK,JUNO
STRD,USK,SCRT,axlUSDC,USK,STRD
KUJI,USK,SCRT,axlUSDC,LUNA,KUJI
KUJI,USK,SCRT,axlUSDC,ATOM,KUJI
KUJI,USK,SCRT,axlUSDC,USK,KUJI
ASTRO,USK,SCRT,axlUSDC,USK,ASTRO
FURY,USK,SCRT,axlUSDC,USK,FURY
LOOP,USK,SCRT,axlUSDC,USK,LOOP
DOT,USK,SCRT,axlUSDC,USK,DOT
LOCAL,USK,SCRT,axlUSDC,USK,LOCAL
LUNA,USK,SCRT,axlUSDC,KUJI,LUNA
LUNA,USK,SCRT,axlUSDC,USK,LUNA
SHD,USK,SCRT,axlUSDC,USK,SHD
wBNB,USK,SCRT,axlUSDC,USK,wBNB
OSMO,USK,SCRT,axlUSDC,ATOM,OSMO
OSMO,USK,SCRT,axlUSDC,USK,OSMO
AXL,USK,SCRT,axlUSDC,USK,AXL
wETH,USK,SCRT,axlUSDC,USK,wETH
ATOM,USK,SCRT,axlUSDC,OSMO,ATOM
ATOM,USK,SCRT,axlUSDC,KUJI,ATOM
ATOM,USK,SCRT,axlUSDC,USK,ATOM
STARS,USK,SCRT,axlUSDC,USK,STARS
gPAXG,USK,SCRT,axlUSDC,USK,gPAXG
AQUA,USK,SCRT,axlUSDC,USK,AQUA
wAVAX,USK,SCRT,axlUSDC,USK,wAVAX
ampLUNA,USK,LOOP,axlUSDC,USK,ampLUNA
JUNO,USK,LOOP,axlUSDC,USK,JUNO
STRD,USK,LOOP,axlUSDC,USK,STRD
KUJI,USK,LOOP,axlUSDC,LUNA,KUJI
KUJI,USK,LOOP,axlUSDC,ATOM,KUJI
KUJI,USK,LOOP,axlUSDC,USK,KUJI
ASTRO,USK,LOOP,axlUSDC,USK,ASTRO
FURY,USK,LOOP,axlUSDC,USK,FURY
DOT,USK,LOOP,axlUSDC,USK,DOT
LOCAL,USK,LOOP,axlUSDC,USK,LOCAL
LUNA,USK,LOOP,axlUSDC,KUJI,LUNA
LUNA,USK,LOOP,axlUSDC,USK,LUNA
SHD,USK,LOOP,axlUSDC,USK,SHD
wBNB,USK,LOOP,axlUSDC,USK,wBNB
SCRT,USK,LOOP,axlUSDC,USK,SCRT
OSMO,USK,LOOP,axlUSDC,ATOM,OSMO
OSMO,USK,LOOP,axlUSDC,USK,OSMO
AXL,USK,LOOP,axlUSDC,USK,AXL
wETH,USK,LOOP,axlUSDC,USK,wETH
ATOM,USK,LOOP,axlUSDC,OSMO,ATOM
ATOM,USK,LOOP,axlUSDC,KUJI,ATOM
ATOM,USK,LOOP,axlUSDC,USK,ATOM
STARS,USK,LOOP,axlUSDC,USK,STARS
gPAXG,USK,LOOP,axlUSDC,USK,gPAXG
AQUA,USK,LOOP,axlUSDC,USK,AQUA
wAVAX,USK,LOOP,axlUSDC,USK,wAVAX
ampLUNA,USK,OSMO,ATOM,USK,ampLUNA
JUNO,USK,OSMO,ATOM,axlUSDC,JUNO
JUNO,USK,OSMO,ATOM,USK,JUNO
STRD,USK,OSMO,ATOM,USK,STRD
KUJI,USK,OSMO,ATOM,axlUSDC,KUJI
KUJI,USK,OSMO,ATOM,USK,KUJI
ASTRO,USK,OSMO,ATOM,USK,ASTRO
FURY,USK,OSMO,ATOM,USK,FURY
LOOP,USK,OSMO,ATOM,axlUSDC,LOOP
LOOP,USK,OSMO,ATOM,USK,LOOP
CMDX,USK,OSMO,ATOM,axlUSDC,CMDX
DOT,USK,OSMO,ATOM,axlUSDC,DOT
DOT,USK,OSMO,ATOM,USK,DOT
LOCAL,USK,OSMO,ATOM,USK,LOCAL
LUNA,USK,OSMO,ATOM,axlUSDC,LUNA
LUNA,USK,OSMO,ATOM,KUJI,LUNA
LUNA,USK,OSMO,ATOM,USK,LUNA
SHD,USK,OSMO,ATOM,USK,SHD
wBNB,USK,OSMO,ATOM,axlUSDC,wBNB
wBNB,USK,OSMO,ATOM,USK,wBNB
SCRT,USK,OSMO,ATOM,axlUSDC,SCRT
SCRT,USK,OSMO,ATOM,USK,SCRT
AXL,USK,OSMO,ATOM,USK,AXL
wETH,USK,OSMO,ATOM,axlUSDC,wETH
wETH,USK,OSMO,ATOM,USK,wETH
axlUSDC,USK,OSMO,ATOM,KUJI,axlUSDC
axlUSDC,USK,OSMO,ATOM,USK,axlUSDC
STARS,USK,OSMO,ATOM,axlUSDC,STARS
STARS,USK,OSMO,ATOM,USK,STARS
gPAXG,USK,OSMO,ATOM,axlUSDC,gPAXG
gPAXG,USK,OSMO,ATOM,USK,gPAXG
AQUA,USK,OSMO,ATOM,USK,AQUA
wAVAX,USK,OSMO,ATOM,USK,wAVAX
ampLUNA,USK,OSMO,axlUSDC,USK,ampLUNA
JUNO,USK,OSMO,axlUSDC,USK,JUNO
STRD,USK,OSMO,axlUSDC,USK,STRD
KUJI,USK,OSMO,axlUSDC,LUNA,KUJI
KUJI,USK,OSMO,axlUSDC,ATOM,KUJI
KUJI,USK,OSMO,axlUSDC,USK,KUJI
ASTRO,USK,OSMO,axlUSDC,USK,ASTRO
FURY,USK,OSMO,axlUSDC,USK,FURY
LOOP,USK,OSMO,axlUSDC,USK,LOOP
DOT,USK,OSMO,axlUSDC,USK,DOT
LOCAL,USK,OSMO,axlUSDC,USK,LOCAL
LUNA,USK,OSMO,axlUSDC,KUJI,LUNA
LUNA,USK,OSMO,axlUSDC,USK,LUNA
SHD,USK,OSMO,axlUSDC,USK,SHD
wBNB,USK,OSMO,axlUSDC,USK,wBNB
SCRT,USK,OSMO,axlUSDC,USK,SCRT
AXL,USK,OSMO,axlUSDC,USK,AXL
wETH,USK,OSMO,axlUSDC,USK,wETH
ATOM,USK,OSMO,axlUSDC,KUJI,ATOM
ATOM,USK,OSMO,axlUSDC,USK,ATOM
STARS,USK,OSMO,axlUSDC,USK,STARS
gPAXG,USK,OSMO,axlUSDC,USK,gPAXG
AQUA,USK,OSMO,axlUSDC,USK,AQUA
wAVAX,USK,OSMO,axlUSDC,USK,wAVAX
ampLUNA,USK,gPAXG,axlUSDC,USK,ampLUNA
JUNO,USK,gPAXG,axlUSDC,USK,JUNO
STRD,USK,gPAXG,axlUSDC,USK,STRD
KUJI,USK,gPAXG,axlUSDC,LUNA,KUJI
KUJI,USK,gPAXG,axlUSDC,ATOM,KUJI
KUJI,USK,gPAXG,axlUSDC,USK,KUJI
ASTRO,USK,gPAXG,axlUSDC,USK,ASTRO
FURY,USK,gPAXG,axlUSDC,USK,FURY
LOOP,USK,gPAXG,axlUSDC,USK,LOOP
DOT,USK,gPAXG,axlUSDC,USK,DOT
LOCAL,USK,gPAXG,axlUSDC,USK,LOCAL
LUNA,USK,gPAXG,axlUSDC,KUJI,LUNA
LUNA,USK,gPAXG,axlUSDC,USK,LUNA
SHD,USK,gPAXG,axlUSDC,USK,SHD
wBNB,USK,gPAXG,axlUSDC,USK,wBNB
SCRT,USK,gPAXG,axlUSDC,USK,SCRT
OSMO,USK,gPAXG,axlUSDC,ATOM,OSMO
OSMO,USK,gPAXG,axlUSDC,USK,OSMO
AXL,USK,gPAXG,axlUSDC,USK,AXL
wETH,USK,gPAXG,axlUSDC,USK,wETH
ATOM,USK,gPAXG,axlUSDC,OSMO,ATOM
ATOM,USK,gPAXG,axlUSDC,KUJI,ATOM
ATOM,USK,gPAXG,axlUSDC,USK,ATOM
STARS,USK,gPAXG,axlUSDC,USK,STARS
AQUA,USK,gPAXG,axlUSDC,USK,AQUA
wAVAX,USK,gPAXG,axlUSDC,USK,wAVAX