n.name,a.name,b.name,z.name
axlUSDC,wETH,USK,axlUSDC
USK,wETH,axlUSDC,USK
ATOM,KUJI,LP KUJI-ATOM,ATOM
axlUSDC,KUJI,ATOM,axlUSDC
USK,KUJI,ATOM,USK
ATOM,KUJI,USK,ATOM
axlUSDC,KUJI,USK,axlUSDC
ATOM,KUJI,axlUSDC,ATOM
USK,KUJI,axlUSDC,USK
ATOM,axlUSDC,OSMO,ATOM
USK,axlUSDC,STARS,USK
KUJI,axlUSDC,ATOM,KUJI
USK,axlUSDC,ATOM,USK
OSMO,axlUSDC,ATOM,OSMO
USK,axlUSDC,SCRT,USK
USK,axlUSDC,DOT,USK
USK,axlUSDC,wETH,USK
ATOM,axlUSDC,KUJI,ATOM
USK,axlUSDC,KUJI,USK
ATOM,axlUSDC,USK,ATOM
DOT,axlUSDC,USK,DOT
STARS,axlUSDC,USK,STARS
KUJI,axlUSDC,USK,KUJI
wETH,axlUSDC,USK,wETH
axlUSDC,SCRT,USK,axlUSDC
LP KUJI-ATOM,ATOM,KUJI,LP KUJI-ATOM
USK,ATOM,KUJI,USK
axlUSDC,ATOM,KUJI,axlUSDC
OSMO,ATOM,axlUSDC,OSMO
KUJI,ATOM,axlUSDC,KUJI
USK,ATOM,axlUSDC,USK
axlUSDC,ATOM,USK,axlUSDC
KUJI,ATOM,USK,KUJI
axlUSDC,ATOM,OSMO,axlUSDC
axlUSDC,DOT,USK,axlUSDC
USK,DOT,axlUSDC,USK
KUJI,LP KUJI-ATOM,ATOM,KUJI
axlUSDC,OSMO,ATOM,axlUSDC
ATOM,OSMO,axlUSDC,ATOM
USK,STARS,axlUSDC,USK
axlUSDC,STARS,USK,axlUSDC
KUJI,USK,ATOM,KUJI
axlUSDC,USK,ATOM,axlUSDC
axlUSDC,USK,DOT,axlUSDC
STARS,USK,axlUSDC,STARS
ATOM,USK,axlUSDC,ATOM
SCRT,USK,axlUSDC,SCRT
DOT,USK,axlUSDC,DOT
wETH,USK,axlUSDC,wETH
KUJI,USK,axlUSDC,KUJI
axlUSDC,USK,STARS,axlUSDC
ATOM,USK,KUJI,ATOM
axlUSDC,USK,KUJI,axlUSDC
axlUSDC,USK,wETH,axlUSDC
axlUSDC,wETH,USK,ATOM,axlUSDC
axlUSDC,wETH,USK,DOT,axlUSDC
axlUSDC,wETH,USK,STARS,axlUSDC
axlUSDC,wETH,USK,KUJI,axlUSDC
USK,wETH,axlUSDC,STARS,USK
USK,wETH,axlUSDC,ATOM,USK
USK,wETH,axlUSDC,SCRT,USK
USK,wETH,axlUSDC,DOT,USK
USK,wETH,axlUSDC,KUJI,USK
USK,KUJI,LP KUJI-ATOM,ATOM,USK
axlUSDC,KUJI,LP KUJI-ATOM,ATOM,axlUSDC
USK,KUJI,ATOM,axlUSDC,USK
axlUSDC,KUJI,ATOM,USK,axlUSDC
axlUSDC,KUJI,ATOM,OSMO,axlUSDC
axlUSDC,KUJI,USK,ATOM,axlUSDC
axlUSDC,KUJI,USK,DOT,axlUSDC
ATOM,KUJI,USK,axlUSDC,ATOM
axlUSDC,KUJI,USK,STARS,axlUSDC
axlUSDC,KUJI,USK,wETH,axlUSDC
ATOM,KUJI,axlUSDC,OSMO,ATOM
USK,KUJI,axlUSDC,STARS,USK
USK,KUJI,axlUSDC,ATOM,USK
USK,KUJI,axlUSDC,SCRT,USK
USK,KUJI,axlUSDC,DOT,USK
USK,KUJI,axlUSDC,wETH,USK
ATOM,KUJI,axlUSDC,USK,ATOM
USK,axlUSDC,OSMO,ATOM,USK
KUJI,axlUSDC,OSMO,ATOM,KUJI
ATOM,axlUSDC,STARS,USK,ATOM
DOT,axlUSDC,STARS,USK,DOT
KUJI,axlUSDC,STARS,USK,KUJI
wETH,axlUSDC,STARS,USK,wETH
USK,axlUSDC,ATOM,KUJI,USK
STARS,axlUSDC,ATOM,USK,STARS
DOT,axlUSDC,ATOM,USK,DOT
KUJI,axlUSDC,ATOM,USK,KUJI
wETH,axlUSDC,ATOM,USK,wETH
STARS,axlUSDC,SCRT,USK,STARS
ATOM,axlUSDC,SCRT,USK,ATOM
DOT,axlUSDC,SCRT,USK,DOT
KUJI,axlUSDC,SCRT,USK,KUJI
wETH,axlUSDC,SCRT,USK,wETH
STARS,axlUSDC,DOT,USK,STARS
ATOM,axlUSDC,DOT,USK,ATOM
KUJI,axlUSDC,DOT,USK,KUJI
wETH,axlUSDC,DOT,USK,wETH
STARS,axlUSDC,wETH,USK,STARS
ATOM,axlUSDC,wETH,USK,ATOM
DOT,axlUSDC,wETH,USK,DOT
KUJI,axlUSDC,wETH,USK,KUJI
ATOM,axlUSDC,KUJI,LP KUJI-ATOM,ATOM
USK,axlUSDC,KUJI,ATOM,USK
OSMO,axlUSDC,KUJI,ATOM,OSMO
STARS,axlUSDC,KUJI,USK,STARS
ATOM,axlUSDC,KUJI,USK,ATOM
DOT,axlUSDC,KUJI,USK,DOT
wETH,axlUSDC,KUJI,USK,wETH
OSMO,axlUSDC,USK,ATOM,OSMO
KUJI,axlUSDC,USK,ATOM,KUJI
ATOM,axlUSDC,USK,KUJI,ATOM
axlUSDC,SCRT,USK,ATOM,axlUSDC
axlUSDC,SCRT,USK,DOT,axlUSDC
axlUSDC,SCRT,USK,STARS,axlUSDC
axlUSDC,SCRT,USK,KUJI,axlUSDC
axlUSDC,SCRT,USK,wETH,axlUSDC
axlUSDC,ATOM,KUJI,USK,axlUSDC
USK,ATOM,KUJI,axlUSDC,USK
OSMO,ATOM,KUJI,axlUSDC,OSMO
USK,ATOM,axlUSDC,STARS,USK
USK,ATOM,axlUSDC,SCRT,USK
USK,ATOM,axlUSDC,DOT,USK
USK,ATOM,axlUSDC,wETH,USK
USK,ATOM,axlUSDC,KUJI,USK
LP KUJI-ATOM,ATOM,axlUSDC,KUJI,LP KUJI-ATOM
KUJI,ATOM,axlUSDC,USK,KUJI
axlUSDC,ATOM,USK,DOT,axlUSDC
OSMO,ATOM,USK,axlUSDC,OSMO
KUJI,ATOM,USK,axlUSDC,KUJI
axlUSDC,ATOM,USK,STARS,axlUSDC
axlUSDC,ATOM,USK,KUJI,axlUSDC
LP KUJI-ATOM,ATOM,USK,KUJI,LP KUJI-ATOM
axlUSDC,ATOM,USK,wETH,axlUSDC
USK,ATOM,OSMO,axlUSDC,USK
KUJI,ATOM,OSMO,axlUSDC,KUJI
axlUSDC,DOT,USK,ATOM,axlUSDC
axlUSDC,DOT,USK,STARS,axlUSDC
axlUSDC,DOT,USK,KUJI,axlUSDC
axlUSDC,DOT,USK,wETH,axlUSDC
USK,DOT,axlUSDC,STARS,USK
USK,DOT,axlUSDC,ATOM,USK
USK,DOT,axlUSDC,SCRT,USK
USK,DOT,axlUSDC,wETH,USK
USK,DOT,axlUSDC,KUJI,USK
KUJI,LP KUJI-ATOM,ATOM,axlUSDC,KUJI
KUJI,LP KUJI-ATOM,ATOM,USK,KUJI
axlUSDC,OSMO,ATOM,KUJI,axlUSDC
axlUSDC,OSMO,ATOM,USK,axlUSDC
ATOM,OSMO,axlUSDC,KUJI,ATOM
ATOM,OSMO,axlUSDC,USK,ATOM
USK,STARS,axlUSDC,ATOM,USK
USK,STARS,axlUSDC,SCRT,USK
USK,STARS,axlUSDC,DOT,USK
USK,STARS,axlUSDC,wETH,USK
USK,STARS,axlUSDC,KUJI,USK
axlUSDC,STARS,USK,ATOM,axlUSDC
axlUSDC,STARS,USK,DOT,axlUSDC
axlUSDC,STARS,USK,KUJI,axlUSDC
axlUSDC,STARS,USK,wETH,axlUSDC
axlUSDC,USK,ATOM,KUJI,axlUSDC
wETH,USK,ATOM,axlUSDC,wETH
STARS,USK,ATOM,axlUSDC,STARS
DOT,USK,ATOM,axlUSDC,DOT
SCRT,USK,ATOM,axlUSDC,SCRT
KUJI,USK,ATOM,axlUSDC,KUJI
axlUSDC,USK,ATOM,OSMO,axlUSDC
wETH,USK,DOT,axlUSDC,wETH
STARS,USK,DOT,axlUSDC,STARS
ATOM,USK,DOT,axlUSDC,ATOM
SCRT,USK,DOT,axlUSDC,SCRT
KUJI,USK,DOT,axlUSDC,KUJI
ATOM,USK,axlUSDC,OSMO,ATOM
KUJI,USK,axlUSDC,ATOM,KUJI
ATOM,USK,axlUSDC,KUJI,ATOM
wETH,USK,STARS,axlUSDC,wETH
ATOM,USK,STARS,axlUSDC,ATOM
DOT,USK,STARS,axlUSDC,DOT
SCRT,USK,STARS,axlUSDC,SCRT
KUJI,USK,STARS,axlUSDC,KUJI
ATOM,USK,KUJI,LP KUJI-ATOM,ATOM
axlUSDC,USK,KUJI,ATOM,axlUSDC
wETH,USK,KUJI,axlUSDC,wETH
STARS,USK,KUJI,axlUSDC,STARS
ATOM,USK,KUJI,axlUSDC,ATOM
DOT,USK,KUJI,axlUSDC,DOT
SCRT,USK,KUJI,axlUSDC,SCRT
STARS,USK,wETH,axlUSDC,STARS
ATOM,USK,wETH,axlUSDC,ATOM
DOT,USK,wETH,axlUSDC,DOT
SCRT,USK,wETH,axlUSDC,SCRT
KUJI,USK,wETH,axlUSDC,KUJI
axlUSDC,wETH,USK,ATOM,KUJI,axlUSDC
axlUSDC,wETH,USK,ATOM,OSMO,axlUSDC
axlUSDC,wETH,USK,KUJI,ATOM,axlUSDC
USK,wETH,axlUSDC,OSMO,ATOM,USK
USK,wETH,axlUSDC,ATOM,KUJI,USK
USK,wETH,axlUSDC,KUJI,ATOM,USK
USK,KUJI,LP KUJI-ATOM,ATOM,KUJI,USK
USK,KUJI,LP KUJI-ATOM,ATOM,axlUSDC,USK
axlUSDC,KUJI,LP KUJI-ATOM,ATOM,KUJI,axlUSDC
axlUSDC,KUJI,LP KUJI-ATOM,ATOM,OSMO,axlUSDC
axlUSDC,KUJI,LP KUJI-ATOM,ATOM,USK,axlUSDC
USK,KUJI,ATOM,axlUSDC,wETH,USK
USK,KUJI,ATOM,axlUSDC,KUJI,USK
USK,KUJI,ATOM,axlUSDC,SCRT,USK
USK,KUJI,ATOM,axlUSDC,DOT,USK
USK,KUJI,ATOM,axlUSDC,STARS,USK
LP KUJI-ATOM,KUJI,ATOM,axlUSDC,KUJI,LP KUJI-ATOM
axlUSDC,KUJI,ATOM,USK,wETH,axlUSDC
axlUSDC,KUJI,ATOM,USK,KUJI,axlUSDC
axlUSDC,KUJI,ATOM,USK,DOT,axlUSDC
axlUSDC,KUJI,ATOM,USK,STARS,axlUSDC
LP KUJI-ATOM,KUJI,ATOM,USK,KUJI,LP KUJI-ATOM
USK,KUJI,ATOM,OSMO,axlUSDC,USK
axlUSDC,KUJI,USK,ATOM,KUJI,axlUSDC
axlUSDC,KUJI,USK,ATOM,OSMO,axlUSDC
LP KUJI-ATOM,KUJI,USK,ATOM,KUJI,LP KUJI-ATOM
ATOM,KUJI,USK,DOT,axlUSDC,ATOM
ATOM,KUJI,USK,axlUSDC,KUJI,ATOM
ATOM,KUJI,USK,axlUSDC,OSMO,ATOM
LP KUJI-ATOM,KUJI,USK,axlUSDC,KUJI,LP KUJI-ATOM
ATOM,KUJI,USK,STARS,axlUSDC,ATOM
ATOM,KUJI,USK,wETH,axlUSDC,ATOM
USK,KUJI,axlUSDC,OSMO,ATOM,USK
ATOM,KUJI,axlUSDC,STARS,USK,ATOM
USK,KUJI,axlUSDC,ATOM,KUJI,USK
LP KUJI-ATOM,KUJI,axlUSDC,ATOM,KUJI,LP KUJI-ATOM
ATOM,KUJI,axlUSDC,SCRT,USK,ATOM
ATOM,KUJI,axlUSDC,DOT,USK,ATOM
ATOM,KUJI,axlUSDC,wETH,USK,ATOM
ATOM,KUJI,axlUSDC,USK,KUJI,ATOM
LP KUJI-ATOM,KUJI,axlUSDC,USK,KUJI,LP KUJI-ATOM
USK,axlUSDC,OSMO,ATOM,KUJI,USK
USK,axlUSDC,OSMO,ATOM,axlUSDC,USK
LUNA,axlUSDC,OSMO,ATOM,axlUSDC,LUNA
axlUSDT,axlUSDC,OSMO,ATOM,axlUSDC,axlUSDT
STARS,axlUSDC,OSMO,ATOM,axlUSDC,STARS
STARS,axlUSDC,OSMO,ATOM,USK,STARS
JUNO,axlUSDC,OSMO,ATOM,axlUSDC,JUNO
EVMOS,axlUSDC,OSMO,ATOM,axlUSDC,EVMOS
SCRT,axlUSDC,OSMO,ATOM,axlUSDC,SCRT
DOT,axlUSDC,OSMO,ATOM,axlUSDC,DOT
DOT,axlUSDC,OSMO,ATOM,USK,DOT
KUJI,axlUSDC,OSMO,ATOM,axlUSDC,KUJI
KUJI,axlUSDC,OSMO,ATOM,USK,KUJI
wETH,axlUSDC,OSMO,ATOM,axlUSDC,wETH
wETH,axlUSDC,OSMO,ATOM,USK,wETH
LUNA,axlUSDC,STARS,USK,axlUSDC,LUNA
axlUSDT,axlUSDC,STARS,USK,axlUSDC,axlUSDT
ATOM,axlUSDC,STARS,USK,KUJI,ATOM
ATOM,axlUSDC,STARS,USK,axlUSDC,ATOM
JUNO,axlUSDC,STARS,USK,axlUSDC,JUNO
EVMOS,axlUSDC,STARS,USK,axlUSDC,EVMOS
OSMO,axlUSDC,STARS,USK,axlUSDC,OSMO
OSMO,axlUSDC,STARS,USK,ATOM,OSMO
SCRT,axlUSDC,STARS,USK,axlUSDC,SCRT
DOT,axlUSDC,STARS,USK,axlUSDC,DOT
KUJI,axlUSDC,STARS,USK,axlUSDC,KUJI
KUJI,axlUSDC,STARS,USK,ATOM,KUJI
wETH,axlUSDC,STARS,USK,axlUSDC,wETH
USK,axlUSDC,ATOM,KUJI,axlUSDC,USK
LUNA,axlUSDC,ATOM,KUJI,axlUSDC,LUNA
axlUSDT,axlUSDC,ATOM,KUJI,axlUSDC,axlUSDT
STARS,axlUSDC,ATOM,KUJI,axlUSDC,STARS
STARS,axlUSDC,ATOM,KUJI,USK,STARS
JUNO,axlUSDC,ATOM,KUJI,axlUSDC,JUNO
EVMOS,axlUSDC,ATOM,KUJI,axlUSDC,EVMOS
OSMO,axlUSDC,ATOM,KUJI,axlUSDC,OSMO
SCRT,axlUSDC,ATOM,KUJI,axlUSDC,SCRT
DOT,axlUSDC,ATOM,KUJI,axlUSDC,DOT
DOT,axlUSDC,ATOM,KUJI,USK,DOT
wETH,axlUSDC,ATOM,KUJI,axlUSDC,wETH
wETH,axlUSDC,ATOM,KUJI,USK,wETH
LUNA,axlUSDC,ATOM,USK,axlUSDC,LUNA
axlUSDT,axlUSDC,ATOM,USK,axlUSDC,axlUSDT
STARS,axlUSDC,ATOM,USK,axlUSDC,STARS
JUNO,axlUSDC,ATOM,USK,axlUSDC,JUNO
EVMOS,axlUSDC,ATOM,USK,axlUSDC,EVMOS
OSMO,axlUSDC,ATOM,USK,axlUSDC,OSMO
SCRT,axlUSDC,ATOM,USK,axlUSDC,SCRT
DOT,axlUSDC,ATOM,USK,axlUSDC,DOT
KUJI,axlUSDC,ATOM,USK,axlUSDC,KUJI
wETH,axlUSDC,ATOM,USK,axlUSDC,wETH
USK,axlUSDC,ATOM,OSMO,axlUSDC,USK
LUNA,axlUSDC,ATOM,OSMO,axlUSDC,LUNA
axlUSDT,axlUSDC,ATOM,OSMO,axlUSDC,axlUSDT
STARS,axlUSDC,ATOM,OSMO,axlUSDC,STARS
JUNO,axlUSDC,ATOM,OSMO,axlUSDC,JUNO
EVMOS,axlUSDC,ATOM,OSMO,axlUSDC,EVMOS
SCRT,axlUSDC,ATOM,OSMO,axlUSDC,SCRT
DOT,axlUSDC,ATOM,OSMO,axlUSDC,DOT
KUJI,axlUSDC,ATOM,OSMO,axlUSDC,KUJI
wETH,axlUSDC,ATOM,OSMO,axlUSDC,wETH
LUNA,axlUSDC,SCRT,USK,axlUSDC,LUNA
axlUSDT,axlUSDC,SCRT,USK,axlUSDC,axlUSDT
STARS,axlUSDC,SCRT,USK,axlUSDC,STARS
ATOM,axlUSDC,SCRT,USK,KUJI,ATOM
ATOM,axlUSDC,SCRT,USK,axlUSDC,ATOM
JUNO,axlUSDC,SCRT,USK,axlUSDC,JUNO
EVMOS,axlUSDC,SCRT,USK,axlUSDC,EVMOS
OSMO,axlUSDC,SCRT,USK,axlUSDC,OSMO
OSMO,axlUSDC,SCRT,USK,ATOM,OSMO
DOT,axlUSDC,SCRT,USK,axlUSDC,DOT
KUJI,axlUSDC,SCRT,USK,axlUSDC,KUJI
KUJI,axlUSDC,SCRT,USK,ATOM,KUJI
wETH,axlUSDC,SCRT,USK,axlUSDC,wETH
LUNA,axlUSDC,DOT,USK,axlUSDC,LUNA
axlUSDT,axlUSDC,DOT,USK,axlUSDC,axlUSDT
STARS,axlUSDC,DOT,USK,axlUSDC,STARS
ATOM,axlUSDC,DOT,USK,KUJI,ATOM
ATOM,axlUSDC,DOT,USK,axlUSDC,ATOM
JUNO,axlUSDC,DOT,USK,axlUSDC,JUNO
EVMOS,axlUSDC,DOT,USK,axlUSDC,EVMOS
OSMO,axlUSDC,DOT,USK,axlUSDC,OSMO
OSMO,axlUSDC,DOT,USK,ATOM,OSMO
SCRT,axlUSDC,DOT,USK,axlUSDC,SCRT
KUJI,axlUSDC,DOT,USK,axlUSDC,KUJI
KUJI,axlUSDC,DOT,USK,ATOM,KUJI
wETH,axlUSDC,DOT,USK,axlUSDC,wETH
LUNA,axlUSDC,wETH,USK,axlUSDC,LUNA
axlUSDT,axlUSDC,wETH,USK,axlUSDC,axlUSDT
STARS,axlUSDC,wETH,USK,axlUSDC,STARS
ATOM,axlUSDC,wETH,USK,KUJI,ATOM
ATOM,axlUSDC,wETH,USK,axlUSDC,ATOM
JUNO,axlUSDC,wETH,USK,axlUSDC,JUNO
EVMOS,axlUSDC,wETH,USK,axlUSDC,EVMOS
OSMO,axlUSDC,wETH,USK,axlUSDC,OSMO
OSMO,axlUSDC,wETH,USK,ATOM,OSMO
SCRT,axlUSDC,wETH,USK,axlUSDC,SCRT
DOT,axlUSDC,wETH,USK,axlUSDC,DOT
KUJI,axlUSDC,wETH,USK,axlUSDC,KUJI
KUJI,axlUSDC,wETH,USK,ATOM,KUJI
USK,axlUSDC,KUJI,LP KUJI-ATOM,ATOM,USK
OSMO,axlUSDC,KUJI,LP KUJI-ATOM,ATOM,OSMO
USK,axlUSDC,KUJI,ATOM,axlUSDC,USK
LUNA,axlUSDC,KUJI,ATOM,axlUSDC,LUNA
axlUSDT,axlUSDC,KUJI,ATOM,axlUSDC,axlUSDT
STARS,axlUSDC,KUJI,ATOM,axlUSDC,STARS
STARS,axlUSDC,KUJI,ATOM,USK,STARS
JUNO,axlUSDC,KUJI,ATOM,axlUSDC,JUNO
EVMOS,axlUSDC,KUJI,ATOM,axlUSDC,EVMOS
OSMO,axlUSDC,KUJI,ATOM,axlUSDC,OSMO
SCRT,axlUSDC,KUJI,ATOM,axlUSDC,SCRT
DOT,axlUSDC,KUJI,ATOM,axlUSDC,DOT
DOT,axlUSDC,KUJI,ATOM,USK,DOT
wETH,axlUSDC,KUJI,ATOM,axlUSDC,wETH
wETH,axlUSDC,KUJI,ATOM,USK,wETH
LUNA,axlUSDC,KUJI,USK,axlUSDC,LUNA
axlUSDT,axlUSDC,KUJI,USK,axlUSDC,axlUSDT
STARS,axlUSDC,KUJI,USK,axlUSDC,STARS
ATOM,axlUSDC,KUJI,USK,axlUSDC,ATOM
JUNO,axlUSDC,KUJI,USK,axlUSDC,JUNO
EVMOS,axlUSDC,KUJI,USK,axlUSDC,EVMOS
OSMO,axlUSDC,KUJI,USK,axlUSDC,OSMO
OSMO,axlUSDC,KUJI,USK,ATOM,OSMO
SCRT,axlUSDC,KUJI,USK,axlUSDC,SCRT
DOT,axlUSDC,KUJI,USK,axlUSDC,DOT
wETH,axlUSDC,KUJI,USK,axlUSDC,wETH
LUNA,axlUSDC,USK,ATOM,axlUSDC,LUNA
axlUSDT,axlUSDC,USK,ATOM,axlUSDC,axlUSDT
STARS,axlUSDC,USK,ATOM,axlUSDC,STARS
JUNO,axlUSDC,USK,ATOM,axlUSDC,JUNO
EVMOS,axlUSDC,USK,ATOM,axlUSDC,EVMOS
OSMO,axlUSDC,USK,ATOM,axlUSDC,OSMO
SCRT,axlUSDC,USK,ATOM,axlUSDC,SCRT
DOT,axlUSDC,USK,ATOM,axlUSDC,DOT
KUJI,axlUSDC,USK,ATOM,axlUSDC,KUJI
wETH,axlUSDC,USK,ATOM,axlUSDC,wETH
LUNA,axlUSDC,USK,DOT,axlUSDC,LUNA
axlUSDT,axlUSDC,USK,DOT,axlUSDC,axlUSDT
STARS,axlUSDC,USK,DOT,axlUSDC,STARS
ATOM,axlUSDC,USK,DOT,axlUSDC,ATOM
JUNO,axlUSDC,USK,DOT,axlUSDC,JUNO
EVMOS,axlUSDC,USK,DOT,axlUSDC,EVMOS
OSMO,axlUSDC,USK,DOT,axlUSDC,OSMO
SCRT,axlUSDC,USK,DOT,axlUSDC,SCRT
KUJI,axlUSDC,USK,DOT,axlUSDC,KUJI
wETH,axlUSDC,USK,DOT,axlUSDC,wETH
LUNA,axlUSDC,USK,STARS,axlUSDC,LUNA
axlUSDT,axlUSDC,USK,STARS,axlUSDC,axlUSDT
ATOM,axlUSDC,USK,STARS,axlUSDC,ATOM
JUNO,axlUSDC,USK,STARS,axlUSDC,JUNO
EVMOS,axlUSDC,USK,STARS,axlUSDC,EVMOS
OSMO,axlUSDC,USK,STARS,axlUSDC,OSMO
SCRT,axlUSDC,USK,STARS,axlUSDC,SCRT
DOT,axlUSDC,USK,STARS,axlUSDC,DOT
KUJI,axlUSDC,USK,STARS,axlUSDC,KUJI
wETH,axlUSDC,USK,STARS,axlUSDC,wETH
LUNA,axlUSDC,USK,KUJI,axlUSDC,LUNA
axlUSDT,axlUSDC,USK,KUJI,axlUSDC,axlUSDT
STARS,axlUSDC,USK,KUJI,axlUSDC,STARS
ATOM,axlUSDC,USK,KUJI,axlUSDC,ATOM
ATOM,axlUSDC,USK,KUJI,LP KUJI-ATOM,ATOM
JUNO,axlUSDC,USK,KUJI,axlUSDC,JUNO
EVMOS,axlUSDC,USK,KUJI,axlUSDC,EVMOS
OSMO,axlUSDC,USK,KUJI,axlUSDC,OSMO
OSMO,axlUSDC,USK,KUJI,ATOM,OSMO
SCRT,axlUSDC,USK,KUJI,axlUSDC,SCRT
DOT,axlUSDC,USK,KUJI,axlUSDC,DOT
wETH,axlUSDC,USK,KUJI,axlUSDC,wETH
LUNA,axlUSDC,USK,wETH,axlUSDC,LUNA
axlUSDT,axlUSDC,USK,wETH,axlUSDC,axlUSDT
STARS,axlUSDC,USK,wETH,axlUSDC,STARS
ATOM,axlUSDC,USK,wETH,axlUSDC,ATOM
JUNO,axlUSDC,USK,wETH,axlUSDC,JUNO
EVMOS,axlUSDC,USK,wETH,axlUSDC,EVMOS
OSMO,axlUSDC,USK,wETH,axlUSDC,OSMO
SCRT,axlUSDC,USK,wETH,axlUSDC,SCRT
DOT,axlUSDC,USK,wETH,axlUSDC,DOT
KUJI,axlUSDC,USK,wETH,axlUSDC,KUJI
axlUSDC,SCRT,USK,ATOM,KUJI,axlUSDC
axlUSDC,SCRT,USK,ATOM,OSMO,axlUSDC
axlUSDC,SCRT,USK,KUJI,ATOM,axlUSDC
USK,ATOM,KUJI,LP KUJI-ATOM,ATOM,USK
axlUSDC,ATOM,KUJI,LP KUJI-ATOM,ATOM,axlUSDC
OSMO,ATOM,KUJI,LP KUJI-ATOM,ATOM,OSMO
axlUSDC,ATOM,KUJI,USK,wETH,axlUSDC
axlUSDC,ATOM,KUJI,USK,ATOM,axlUSDC
axlUSDC,ATOM,KUJI,USK,DOT,axlUSDC
axlUSDC,ATOM,KUJI,USK,STARS,axlUSDC
OSMO,ATOM,KUJI,USK,axlUSDC,OSMO
OSMO,ATOM,KUJI,USK,ATOM,OSMO
USK,ATOM,KUJI,axlUSDC,wETH,USK
USK,ATOM,KUJI,axlUSDC,SCRT,USK
USK,ATOM,KUJI,axlUSDC,ATOM,USK
USK,ATOM,KUJI,axlUSDC,DOT,USK
USK,ATOM,KUJI,axlUSDC,STARS,USK
OSMO,ATOM,KUJI,axlUSDC,ATOM,OSMO
USK,ATOM,axlUSDC,OSMO,ATOM,USK
KUJI,ATOM,axlUSDC,OSMO,ATOM,KUJI
KUJI,ATOM,axlUSDC,STARS,USK,KUJI
KUJI,ATOM,axlUSDC,SCRT,USK,KUJI
KUJI,ATOM,axlUSDC,DOT,USK,KUJI
KUJI,ATOM,axlUSDC,wETH,USK,KUJI
USK,ATOM,axlUSDC,KUJI,ATOM,USK
OSMO,ATOM,axlUSDC,KUJI,ATOM,OSMO
OSMO,ATOM,axlUSDC,USK,ATOM,OSMO
KUJI,ATOM,axlUSDC,USK,ATOM,KUJI
LP KUJI-ATOM,ATOM,axlUSDC,USK,KUJI,LP KUJI-ATOM
OSMO,ATOM,USK,DOT,axlUSDC,OSMO
KUJI,ATOM,USK,DOT,axlUSDC,KUJI
OSMO,ATOM,USK,axlUSDC,ATOM,OSMO
KUJI,ATOM,USK,axlUSDC,ATOM,KUJI
LP KUJI-ATOM,ATOM,USK,axlUSDC,KUJI,LP KUJI-ATOM
OSMO,ATOM,USK,STARS,axlUSDC,OSMO
KUJI,ATOM,USK,STARS,axlUSDC,KUJI
axlUSDC,ATOM,USK,KUJI,ATOM,axlUSDC
OSMO,ATOM,USK,KUJI,axlUSDC,OSMO
OSMO,ATOM,USK,KUJI,ATOM,OSMO
OSMO,ATOM,USK,wETH,axlUSDC,OSMO
KUJI,ATOM,USK,wETH,axlUSDC,KUJI
USK,ATOM,OSMO,axlUSDC,wETH,USK
USK,ATOM,OSMO,axlUSDC,KUJI,USK
USK,ATOM,OSMO,axlUSDC,SCRT,USK
USK,ATOM,OSMO,axlUSDC,ATOM,USK
USK,ATOM,OSMO,axlUSDC,DOT,USK
USK,ATOM,OSMO,axlUSDC,STARS,USK
KUJI,ATOM,OSMO,axlUSDC,ATOM,KUJI
KUJI,ATOM,OSMO,axlUSDC,USK,KUJI
LP KUJI-ATOM,ATOM,OSMO,axlUSDC,KUJI,LP KUJI-ATOM
axlUSDC,DOT,USK,ATOM,KUJI,axlUSDC
axlUSDC,DOT,USK,ATOM,OSMO,axlUSDC
axlUSDC,DOT,USK,KUJI,ATOM,axlUSDC
USK,DOT,axlUSDC,OSMO,ATOM,USK
USK,DOT,axlUSDC,ATOM,KUJI,USK
USK,DOT,axlUSDC,KUJI,ATOM,USK
KUJI,LP KUJI-ATOM,ATOM,axlUSDC,USK,KUJI
KUJI,LP KUJI-ATOM,ATOM,USK,axlUSDC,KUJI
KUJI,LP KUJI-ATOM,ATOM,OSMO,axlUSDC,KUJI
axlUSDC,OSMO,ATOM,KUJI,USK,axlUSDC
axlUSDC,OSMO,ATOM,USK,wETH,axlUSDC
axlUSDC,OSMO,ATOM,USK,KUJI,axlUSDC
axlUSDC,OSMO,ATOM,USK,DOT,axlUSDC
axlUSDC,OSMO,ATOM,USK,STARS,axlUSDC
ATOM,OSMO,axlUSDC,STARS,USK,ATOM
ATOM,OSMO,axlUSDC,SCRT,USK,ATOM
ATOM,OSMO,axlUSDC,DOT,USK,ATOM
ATOM,OSMO,axlUSDC,wETH,USK,ATOM
ATOM,OSMO,axlUSDC,KUJI,LP KUJI-ATOM,ATOM
ATOM,OSMO,axlUSDC,KUJI,USK,ATOM
ATOM,OSMO,axlUSDC,USK,KUJI,ATOM
USK,STARS,axlUSDC,OSMO,ATOM,USK
USK,STARS,axlUSDC,ATOM,KUJI,USK
USK,STARS,axlUSDC,KUJI,ATOM,USK
axlUSDC,STARS,USK,ATOM,KUJI,axlUSDC
axlUSDC,STARS,USK,ATOM,OSMO,axlUSDC
axlUSDC,STARS,USK,KUJI,ATOM,axlUSDC
wETH,USK,ATOM,KUJI,axlUSDC,wETH
wETH,USK,ATOM,KUJI,USK,wETH
STARS,USK,ATOM,KUJI,axlUSDC,STARS
STARS,USK,ATOM,KUJI,USK,STARS
ampLUNA,USK,ATOM,KUJI,USK,ampLUNA
DOT,USK,ATOM,KUJI,axlUSDC,DOT
DOT,USK,ATOM,KUJI,USK,DOT
SCRT,USK,ATOM,KUJI,axlUSDC,SCRT
axlUSDC,USK,ATOM,KUJI,USK,axlUSDC
FURY,USK,ATOM,KUJI,USK,FURY
wETH,USK,ATOM,axlUSDC,USK,wETH
STARS,USK,ATOM,axlUSDC,USK,STARS
ampLUNA,USK,ATOM,axlUSDC,USK,ampLUNA
DOT,USK,ATOM,axlUSDC,USK,DOT
KUJI,USK,ATOM,axlUSDC,USK,KUJI
FURY,USK,ATOM,axlUSDC,USK,FURY
wETH,USK,ATOM,OSMO,axlUSDC,wETH
STARS,USK,ATOM,OSMO,axlUSDC,STARS
DOT,USK,ATOM,OSMO,axlUSDC,DOT
SCRT,USK,ATOM,OSMO,axlUSDC,SCRT
KUJI,USK,ATOM,OSMO,axlUSDC,KUJI
wETH,USK,DOT,axlUSDC,USK,wETH
STARS,USK,DOT,axlUSDC,USK,STARS
ampLUNA,USK,DOT,axlUSDC,USK,ampLUNA
ATOM,USK,DOT,axlUSDC,KUJI,ATOM
ATOM,USK,DOT,axlUSDC,OSMO,ATOM
ATOM,USK,DOT,axlUSDC,USK,ATOM
KUJI,USK,DOT,axlUSDC,ATOM,KUJI
KUJI,USK,DOT,axlUSDC,USK,KUJI
FURY,USK,DOT,axlUSDC,USK,FURY
KUJI,USK,axlUSDC,OSMO,ATOM,KUJI
wETH,USK,axlUSDC,STARS,USK,wETH
ampLUNA,USK,axlUSDC,STARS,USK,ampLUNA
ATOM,USK,axlUSDC,STARS,USK,ATOM
DOT,USK,axlUSDC,STARS,USK,DOT
KUJI,USK,axlUSDC,STARS,USK,KUJI
FURY,USK,axlUSDC,STARS,USK,FURY
wETH,USK,axlUSDC,ATOM,USK,wETH
STARS,USK,axlUSDC,ATOM,USK,STARS
ampLUNA,USK,axlUSDC,ATOM,USK,ampLUNA
DOT,USK,axlUSDC,ATOM,USK,DOT
KUJI,USK,axlUSDC,ATOM,USK,KUJI
FURY,USK,axlUSDC,ATOM,USK,FURY
wETH,USK,axlUSDC,SCRT,USK,wETH
STARS,USK,axlUSDC,SCRT,USK,STARS
ampLUNA,USK,axlUSDC,SCRT,USK,ampLUNA
ATOM,USK,axlUSDC,SCRT,USK,ATOM
DOT,USK,axlUSDC,SCRT,USK,DOT
KUJI,USK,axlUSDC,SCRT,USK,KUJI
FURY,USK,axlUSDC,SCRT,USK,FURY
wETH,USK,axlUSDC,DOT,USK,wETH
STARS,USK,axlUSDC,DOT,USK,STARS
ampLUNA,USK,axlUSDC,DOT,USK,ampLUNA
ATOM,USK,axlUSDC,DOT,USK,ATOM
KUJI,USK,axlUSDC,DOT,USK,KUJI
FURY,USK,axlUSDC,DOT,USK,FURY
STARS,USK,axlUSDC,wETH,USK,STARS
ampLUNA,USK,axlUSDC,wETH,USK,ampLUNA
ATOM,USK,axlUSDC,wETH,USK,ATOM
DOT,USK,axlUSDC,wETH,USK,DOT
KUJI,USK,axlUSDC,wETH,USK,KUJI
FURY,USK,axlUSDC,wETH,USK,FURY
wETH,USK,axlUSDC,KUJI,USK,wETH
STARS,USK,axlUSDC,KUJI,USK,STARS
ampLUNA,USK,axlUSDC,KUJI,USK,ampLUNA
ATOM,USK,axlUSDC,KUJI,LP KUJI-ATOM,ATOM
ATOM,USK,axlUSDC,KUJI,USK,ATOM
DOT,USK,axlUSDC,KUJI,USK,DOT
FURY,USK,axlUSDC,KUJI,USK,FURY
wETH,USK,STARS,axlUSDC,USK,wETH
ampLUNA,USK,STARS,axlUSDC,USK,ampLUNA
ATOM,USK,STARS,axlUSDC,KUJI,ATOM
ATOM,USK,STARS,axlUSDC,OSMO,ATOM
ATOM,USK,STARS,axlUSDC,USK,ATOM
DOT,USK,STARS,axlUSDC,USK,DOT
KUJI,USK,STARS,axlUSDC,ATOM,KUJI
KUJI,USK,STARS,axlUSDC,USK,KUJI
FURY,USK,STARS,axlUSDC,USK,FURY
axlUSDC,USK,KUJI,LP KUJI-ATOM,ATOM,axlUSDC
wETH,USK,KUJI,ATOM,axlUSDC,wETH
wETH,USK,KUJI,ATOM,USK,wETH
STARS,USK,KUJI,ATOM,axlUSDC,STARS
STARS,USK,KUJI,ATOM,USK,STARS
ampLUNA,USK,KUJI,ATOM,USK,ampLUNA
DOT,USK,KUJI,ATOM,axlUSDC,DOT
DOT,USK,KUJI,ATOM,USK,DOT
SCRT,USK,KUJI,ATOM,axlUSDC,SCRT
axlUSDC,USK,KUJI,ATOM,OSMO,axlUSDC
axlUSDC,USK,KUJI,ATOM,USK,axlUSDC
FURY,USK,KUJI,ATOM,USK,FURY
wETH,USK,KUJI,axlUSDC,USK,wETH
STARS,USK,KUJI,axlUSDC,USK,STARS
ampLUNA,USK,KUJI,axlUSDC,USK,ampLUNA
ATOM,USK,KUJI,axlUSDC,OSMO,ATOM
ATOM,USK,KUJI,axlUSDC,USK,ATOM
DOT,USK,KUJI,axlUSDC,USK,DOT
FURY,USK,KUJI,axlUSDC,USK,FURY
STARS,USK,wETH,axlUSDC,USK,STARS
ampLUNA,USK,wETH,axlUSDC,USK,ampLUNA
ATOM,USK,wETH,axlUSDC,KUJI,ATOM
ATOM,USK,wETH,axlUSDC,OSMO,ATOM
ATOM,USK,wETH,axlUSDC,USK,ATOM
DOT,USK,wETH,axlUSDC,USK,DOT
KUJI,USK,wETH,axlUSDC,ATOM,KUJI
KUJI,USK,wETH,axlUSDC,USK,KUJI
FURY,USK,wETH,axlUSDC,USK,FURY
