a.name,b.name,c.name,d.name
ATOM,axlUSDC,USK,ATOM
ATOM,USK,axlUSDC,ATOM
ATOM,OSMO,axlUSDC,ATOM
USK,axlUSDC,OSMO,ATOM
ATOM,axlUSDC,OSMO,ATOM
axlUSDC,USK,KUJI,ATOM
USK,axlUSDC,KUJI,ATOM
USK,axlUSDC,ATOM,USK
axlUSDC,OSMO,ATOM,USK
ATOM,OSMO,axlUSDC,USK
USK,ATOM,axlUSDC,USK
axlUSDC,ATOM,KUJI,USK
ATOM,axlUSDC,KUJI,USK
axlUSDC,ATOM,USK,axlUSDC
USK,ATOM,OSMO,axlUSDC
axlUSDC,ATOM,OSMO,axlUSDC
USK,ATOM,KUJI,axlUSDC
ATOM,USK,KUJI,axlUSDC
axlUSDC,USK,ATOM,axlUSDC
axlUSDC,OSMO,ATOM,axlUSDC
axlUSDC,USK,ATOM
USK,axlUSDC,ATOM
axlUSDC,OSMO,ATOM
axlUSDC,ATOM,USK
ATOM,axlUSDC,USK
ATOM,USK,axlUSDC
ATOM,OSMO,axlUSDC
USK,ATOM,axlUSDC
USK,ATOM
USK,axlUSDC
ATOM,USK
ATOM,axlUSDC
axlUSDC,ATOM
axlUSDC,USK